"","Progeny","CWT_WEO","CCT_WEO","CAWT_WEO","MotherID","FatherID","CWT_SAL1","CCT_SAL1","CAWT_SAL1","CWT_SAL2","CCT_SAL2","CAWT_SAL2"
"1","aYPWOlVSjP",NA,NA,NA,NA,NA,765.386666666667,28.1666666666667,27.2009597366667,628.450833333333,22.3333333333333,28.2897005066667
"2","VBy7x7EQSV",NA,NA,NA,NA,NA,281.949166666667,12.9166666666667,21.7122626266667,281.0125,11.1666666666667,25.4570916133333
"3","Qbu6oxYtP9",NA,NA,NA,NA,NA,687.890833333334,19.1666666666667,35.2183593066667,578.506666666667,16.9166666666667,34.2137976233333
"4","Q7GsKHG65j",NA,NA,NA,NA,NA,775.936666666667,26.0833333333333,29.9104486233333,476.494166666667,16.8333333333333,28.71113935
"5","XdlsONmup3",NA,NA,NA,NA,NA,592.384583333333,20.4166666666667,28.944285225,411.412222222222,16.1388888888889,25.5660714833333
"6","b2pvYSXJDL",NA,NA,NA,NA,NA,976.3425,30,32.7905935433333,856.435,27.8333333333333,30.7365483733333
"7","ttgOGYLFXA",NA,NA,NA,NA,NA,866.270833333333,28.1666666666667,30.93319799,808.180833333334,29.6666666666667,27.7035878533333
"8","kscHcK0F7B",NA,NA,NA,NA,NA,850.95,25.0833333333333,34.04906579,711.7025,23.0833333333333,31.5728390333333
"9","nhkMrLXC63",NA,NA,NA,NA,NA,753.976666666667,28,27.08219494,651.5225,22.1666666666667,29.3854152066667
"10","xeK6YEDjkH",NA,NA,NA,NA,NA,997.858055666667,32.4722222233333,30.8282945966667,668.895833333333,24.0833333333333,28.00630887
"11","XbetYsRqu5",NA,NA,NA,NA,NA,1033.24333333333,37.0833333333333,27.92379281,681.32,25.4166666666667,26.8003646233333
"12","mpcNtDuFer",NA,NA,NA,NA,NA,756.366666666667,25.1666666666667,30.0730661466667,743.185833333333,25.6666666666667,29.3041187833333
"13","Hpkn8ytvLF",NA,NA,NA,NA,NA,600.480833333333,22.75,26.42036412,425.258333333333,16.4166666666667,25.9502955966667
"14","guQFdxX96T",NA,NA,NA,NA,NA,984.8275,37.0833333333333,26.5978386266667,732.551666666667,31.25,23.47721754
"15","Cr6mrdgibP",NA,NA,NA,NA,NA,877.818333333333,24.75,35.6897506466667,708.1675,23.4166666666667,30.05751579
"16","BnZvV7PHca",NA,NA,NA,NA,NA,936.448333333333,29.0833333333333,32.3571939633333,586.326666666667,18,32.7961248433333
"17","Uncez1AQDm",NA,NA,NA,NA,NA,670.6375,19.0833333333333,35.3342589233333,617.4875,20.5833333333333,30.0023394766667
"18","9ZunDfI19H",NA,NA,NA,NA,NA,705.704166666667,21.75,32.2729135133333,569.619166666667,19.5,29.1475877333333
"19","16nQ09VJKT",NA,NA,NA,NA,NA,897.425833333333,27.25,33.0072155566667,620.146666666667,20.9166666666667,29.6218545033333
"20","1MNP3T7ww2",NA,NA,NA,NA,NA,921.6575,26.25,35.10844923,883.5875,27,32.54330267
"21","xCm1PhY2LD",NA,NA,NA,NA,NA,801.975833333333,26.9166666666667,29.95440887,563.283333333333,21.6666666666667,25.7454866533333
"22","52QKSimTco",NA,NA,NA,NA,NA,993.710833333333,30.5,32.9918467666667,834.8,29,29.0486627666667
"23","4UvNz6j0f2",NA,NA,NA,NA,NA,820.014166666667,24.25,33.7042825533333,646.313333333334,23.7777777777778,26.8357683633333
"24","R9KUKOjnBl",NA,NA,NA,NA,NA,1195.47166666667,40.5,29.5882901266667,987.169166666667,37.25,26.38031554
"25","i8p26H2GUE",NA,NA,NA,NA,NA,859.179166666667,25.4166666666667,33.9009185133333,580.9825,22.6666666666667,25.64333851
"26","fuSIkHAJnC",NA,NA,NA,NA,NA,552.0275,19.9166666666667,27.7539405533333,427.065,14.8333333333333,27.9756446833333
"27","YxhuVSPXa6",918.6,29,31.6758620689655,"xeK6YEDjkH","52QKSimTco",874.47,29.75,29.6707149533333,875.973333333334,33,26.7129263066667
"28","XQpIo4ojn9",937.5,34,27.5735294117647,"xeK6YEDjkH","52QKSimTco",941.500833333333,27,35.16081382,724.214166666667,25.0833333333333,29.0482508033333
"29","HHJRIcqjrv",790.3,28,28.225,"xeK6YEDjkH","52QKSimTco",821.705,25.75,32.0816056666667,688.839166666667,24.9166666666667,27.75969215
"30","IuMXHc88vZ",1024.4,37,27.6864864864865,"xeK6YEDjkH","52QKSimTco",1090.28333333333,34.8333333333333,31.25455238,691.6175,26.8333333333333,25.77392691
"31","yUuDEuuiZm",1073.5,39,27.525641025641,"xeK6YEDjkH","52QKSimTco",914.820833333334,25.6666666666667,35.7479145533333,652.9,20.5,31.8563380266667
"32","bJvOuLOpul",537.4,15,35.8266666666667,"xeK6YEDjkH","52QKSimTco",914.358333333334,25,37.42165878,607.168333333333,22.4166666666667,26.96034708
"33","3aLaUGSC5K",1282.1,66,19.4257575757576,"xeK6YEDjkH","52QKSimTco",753.504166666667,29.25,25.8946670666667,715.820833333334,32.25,21.8404697233333
"34","aI2OCYT866",924.8,27,34.2518518518519,"xeK6YEDjkH","fuSIkHAJnC",682.64,20.5833333333333,33.1445642833333,645.408333333334,20.4166666666667,31.9440937333333
"35","MbXVwcJs73",720.3,27,26.6777777777778,"xeK6YEDjkH","fuSIkHAJnC",771.344166666667,25.0833333333333,30.7890440533333,618.234166666667,23.9166666666667,25.9929990766667
"36","re0xfuJiHu",911.3,33,27.6151515151515,"xeK6YEDjkH","fuSIkHAJnC",702.7675,19.75,35.5403173266667,653.921666666667,20.8333333333333,31.3719329666667
"37","GDpVqXEXMQ",386.6,13,29.7384615384615,"xeK6YEDjkH","fuSIkHAJnC",548.865833333333,17.5833333333333,31.2453946733333,502.5275,19.8333333333333,25.3747984566667
"38","7zIAm1IWq8",933.9,29,32.2034482758621,"xeK6YEDjkH","fuSIkHAJnC",753.091666666667,23.3333333333333,32.3763831666667,497.2225,17.6666666666667,28.4065349266667
"39","6LbHdmPCuv",839.8,30,27.9933333333333,"xeK6YEDjkH","fuSIkHAJnC",595.2925,21.75,27.1767758066667,537.828333333333,22.75,23.6034389133333
"40","FTg4uBUo40",967.6,35,27.6457142857143,"xeK6YEDjkH","fuSIkHAJnC",776.535,22.6666666666667,34.21760763,740.29,29.5,25.2089554566667
"41","zovXrCwfMH",0,0,NA,"xeK6YEDjkH","fuSIkHAJnC",750.4175,22,34.1181492733333,542.7375,18.75,28.87035368
"42","YCNrXfDkjZ",49.4,2,24.7,"xeK6YEDjkH","7iBAbH6Nzf",106.42,8.66666666666667,13.9181329356667,41.7041666666667,4.58333333333333,10.162582345
"43","m9MeFpWw45",228,12,19,"xeK6YEDjkH","7iBAbH6Nzf",208.375,16.5,12.8027839633333,144.6925,13,12.2075074293333
"44","UtILgqW9iR",207,10,20.7,"xeK6YEDjkH","7iBAbH6Nzf",286.935833333333,30.1666666666667,9.65374759533334,204.485,20.8333333333333,9.87759013966667
"45","dJFujRnj3j",112.3,6,18.7166666666667,"xeK6YEDjkH","7iBAbH6Nzf",123.628333333333,9.41666666666667,15.0181331166667,116.753333333333,10.5833333333333,11.243181899
"46","W2RVG9YNVx",236.5,17,13.9117647058824,"xeK6YEDjkH","7iBAbH6Nzf",201.893333333333,19.3333333333333,10.3016867,197.237777777778,23.3055555555556,7.850902525
"47","arhntFQkbR",127.7,11,11.6090909090909,"xeK6YEDjkH","7iBAbH6Nzf",56.78,5.33333333333333,11.019463938,52.215,5.66666666666667,9.83166666833334
"48","H7iu2oUTdx",124.4,7,17.7714285714286,"xeK6YEDjkH","7iBAbH6Nzf",169.530833333333,10.9166666666667,15.682777777,57.2983333333333,8,6.58874131633334
"49","Yj4hGDkFeX",119.3,6,19.8833333333333,"xeK6YEDjkH","7iBAbH6Nzf",129.5225,7.16666666666667,16.64101389,57.7116666666667,5.75,10.1545051353333
"50","abp54RnlY4",13.5,1,13.5,"b2pvYSXJDL","52QKSimTco",267.884166666667,10.8333333333333,25.3333720333333,53.8033333333333,3.25,16.01344164
"51","4K24aevwO0",215.4,7,30.7714285714286,"b2pvYSXJDL","52QKSimTco",537.8875,21.3333333333333,25.2257960333333,388.275,19.6666666666667,19.5490002966667
"52","MQzxsJBgvc",477.2,16,29.825,"b2pvYSXJDL","52QKSimTco",561.42,22.6666666666667,24.8567628533333,658.461666666667,29.25,22.42398716
"53","YpJLr6g0oj",559.9,15,37.3266666666667,"b2pvYSXJDL","52QKSimTco",782.485833333334,22,35.5757028166667,477.946388888889,15.6666666666667,30.1920519366667
"54","G0wrlO4UFS",705.3,40,17.6325,"b2pvYSXJDL","52QKSimTco",422.175,21.25,19.87180369,383.639166666667,17,22.8721169133333
"55","KK9yTMrxrY",587.5,19,30.921052631579,"b2pvYSXJDL","52QKSimTco",879.680833333333,25.3333333333333,34.8028517366667,754.063333333334,27.0833333333333,27.7624251633333
"56","bU70FdEf6j",952.5,33,28.8636363636364,"b2pvYSXJDL","52QKSimTco",772.034166666667,24.1666666666667,31.85030776,477.22,19.4166666666667,24.54886496
"57","gCf9S2jA46",953.2,34,28.0352941176471,"b2pvYSXJDL","52QKSimTco",669.8575,21,32.1249034033333,NA,NA,NA
"58","HDIwuGtxfC",761.699999999999,28,27.2035714285714,"b2pvYSXJDL","1MNP3T7ww2",695.145833333333,22.5,31.63775379,791.0075,23.9166666666667,32.80061434
"59","u5QUCd0ug4",717.8,26,27.6076923076923,"b2pvYSXJDL","1MNP3T7ww2",717.479166666667,21.3333333333333,33.62527451,681.744166666667,22.1666666666667,30.77844458
"60","QSnQF1kbj3",644.3,21,30.6809523809524,"b2pvYSXJDL","1MNP3T7ww2",579.73,20.0833333333333,28.71013895,544.845833333333,20.0833333333333,27.1872812966667
"61","jZTW6EE7aW",458.2,14,32.7285714285714,"b2pvYSXJDL","1MNP3T7ww2",699.565,23.25,30.6447683566667,574.375,20.5833333333333,27.9264130833333
"62","LU6apDlZl6",728.2,23,31.6608695652174,"b2pvYSXJDL","1MNP3T7ww2",727.87,25.5833333333333,28.7665572766667,569.295,25.0833333333333,22.56246345
"63","ukulX2so5z",668.3,18,37.1277777777778,"b2pvYSXJDL","1MNP3T7ww2",899.3213889,22.3333333333333,40.3588164933333,815.606666666667,22.1666666666667,36.5601553766667
"64","tVdfBfdJ1g",573.4,17,33.7294117647059,"b2pvYSXJDL","1MNP3T7ww2",510.998055566667,17.0833333333333,30.0123151733333,418.830833333333,16.0833333333333,26.36565243
"66","sseOek8ize",498.5,18,27.6944444444444,"b2pvYSXJDL","4UvNz6j0f2",561.055,26.3333333333333,21.3824545866667,788.54,38.5,20.5540666866667
"67","ntSi4a38i4",375.9,13,28.9153846153846,"b2pvYSXJDL","4UvNz6j0f2",333.8686111,14.6666666666667,22.9369748633333,268.216666666667,16.3333333333333,16.4541535533333
"68","R6SntObPAA",197.7,6,32.95,"b2pvYSXJDL","4UvNz6j0f2",368.818055566667,12.0277777776667,32.4524513133333,468.2075,16,29.26296875
"69","QdX1Ff6A3o",0,0,NA,"b2pvYSXJDL","4UvNz6j0f2",289.718333333333,9.58333333333334,31.2304993833333,458.81,15.5,29.60064516
"70","inDbscgUu2",856.8,27,31.7333333333333,"b2pvYSXJDL","4UvNz6j0f2",854.051666666667,32.4166666666667,26.38153419,739.844166666667,30.75,24.34574203
"71","CSy4fDIGQu",358.6,10,35.86,"b2pvYSXJDL","4UvNz6j0f2",740.4125,23.5,31.4233773066667,536.021944444445,20.3611111111111,26.3065283366667
"72","M9W16Q4C1h",740.8,27,27.437037037037,"b2pvYSXJDL","4UvNz6j0f2",833.3075,29.25,28.49810745,551.311666666667,19.4166666666667,28.57864793
"73","5lWM4u1EOz",1038.7,53,19.5981132075472,"b2pvYSXJDL","4UvNz6j0f2",425.965,17.6666666666667,24.0948756133333,NA,NA,NA
"74","f1gAZiSyfN",607.9,25,24.316,"b2pvYSXJDL","mpcNtDuFer",701.866666666667,24,29.2525963966667,NA,NA,NA
"75","I7KIpELnjj",331.5,12,27.625,"b2pvYSXJDL","mpcNtDuFer",719.4175,27.0833333333333,26.5960522766667,370.054444444445,15.1111111111111,24.179519325
"76","bTVl0GYKxJ",0,0,NA,"b2pvYSXJDL","mpcNtDuFer",609.786666666667,17.3333333333333,35.0105726166667,563.559166666667,18.4166666666667,31.4283285533333
"77","ykB9w2jYr9",410.7,11,37.3363636363636,"b2pvYSXJDL","mpcNtDuFer",407.175,15.0833333333333,27.00336941,560.716666666667,20.9166666666667,26.6885679133333
"78","9Rr9UKEqFw",483.3,14,34.5214285714286,"b2pvYSXJDL","mpcNtDuFer",505.5475,16.25,31.18418446,214.290833333333,6.83333333333333,36.76988889
"79","fAUpBlHcwE",537.5,15,35.8333333333333,"b2pvYSXJDL","mpcNtDuFer",611.06,15.5,39.5785274933333,NA,NA,NA
"80","d6woAjYwai",238.3,6,39.7166666666667,"b2pvYSXJDL","mpcNtDuFer",269.1125,10.4166666666667,27.48559127,277.328333333333,11.4166666666667,22.5663139166667
"81","Cy3lqMLW2e",197.3,8,24.6625,"b2pvYSXJDL","mpcNtDuFer",329.874166666667,12.25,27.06910402,310.618611111111,13,25.40992185
"82","tk1GKp5ZLO",572.2,18,31.7888888888889,"b2pvYSXJDL","fuSIkHAJnC",632.478333333333,19.5833333333333,32.6147614066667,539.491666666667,19.1666666666667,28.1628574866667
"83","Dc4MYHsNir",0,0,NA,"b2pvYSXJDL","fuSIkHAJnC",668.425833333333,23.9166666666667,27.94415484,440.786111111111,18.8333333333333,23.12029237
"84","HpDFzISoGe",417.1,20,20.855,"b2pvYSXJDL","fuSIkHAJnC",334.539722233333,15.3055555566667,22.1124741033333,NA,NA,NA
"85","supwhsL7Si",499.2,19,26.2736842105263,"b2pvYSXJDL","fuSIkHAJnC",729.854166666667,26.0833333333333,27.94390985,593.430833333333,25.0833333333333,23.4934124433333
"86","hf2mdnVBg3",155.2,4,38.8,"b2pvYSXJDL","fuSIkHAJnC",571.765833333333,17.4166666666667,32.6444867766667,581.623333333333,19.5,29.940402985
"87","jU3RNZbh3o",927.6,38,24.4105263157895,"b2pvYSXJDL","fuSIkHAJnC",494.121666666667,18.5,27.03179477,395.148333333333,16.8333333333333,23.4310106466667
"88","MNYBHECF4v",67.6,1,67.6,"b2pvYSXJDL","fuSIkHAJnC",661.5375,20,32.8149514933333,553.550833333333,16.3333333333333,33.7395435966667
"89","4NIGcT7YO7",229.2,8,28.65,"b2pvYSXJDL","fuSIkHAJnC",480.484166666667,21.5,22.5599723666667,401.743333333333,21.5,18.7327799333333
"90","p3JBa0CxEp",277.5,8,34.6875,"b2pvYSXJDL","Qbu6oxYtP9",439.181666666667,15,29.8080038866667,445.3925,15.9166666666667,27.8310331033333
"91","oYagkIdyxQ",0,0,NA,"b2pvYSXJDL","Qbu6oxYtP9",505.854166666667,15.25,33.64980729,383.468611111111,13.3888888888889,28.9865400933333
"92","sz5V2zW7E5",68.4,2,34.2,"b2pvYSXJDL","Qbu6oxYtP9",728.6875,21,34.71765521,607.098611111111,20.1111111111111,30.4157288833333
"93","nJyNm9q2GW",106,2,53,"b2pvYSXJDL","Qbu6oxYtP9",832.43,21.25,39.2056289666667,599.720833333333,17.3333333333333,34.3815105266667
"94","5Lgyaz3zMM",275.3,11,25.0272727272727,"b2pvYSXJDL","Qbu6oxYtP9",323.2225,11.6666666666667,27.73647135,280.573333333333,12.1944444444444,23.00668963
"95","Yj1UAQGS5Z",841.6,29,29.0206896551724,"b2pvYSXJDL","Qbu6oxYtP9",782.905,19.75,39.9831979866667,719.096666666667,21.4166666666667,33.63224346
"96","ZORKjHxbg4",0,0,NA,"b2pvYSXJDL","Qbu6oxYtP9",342.981666666667,14.5833333333333,23.6535009066667,281.664166666667,13.9166666666667,20.1961996233333
"97","CE4HfDP1gV",257.8,7,36.8285714285714,"b2pvYSXJDL","Qbu6oxYtP9",430.67,15.1666666666667,29.1904843433333,424.621666666667,15.5,27.0268513766667
"98","EfTQ6urOwp",0,0,NA,"b2pvYSXJDL","Hpkn8ytvLF",405.533333333334,13.4166666666667,29.9563185533333,NA,NA,NA
"99","74nvdtsNqf",86.7,3,28.9,"b2pvYSXJDL","Hpkn8ytvLF",440.908333333333,16.6666666666667,26.57013572,377.813333333333,16.0833333333333,23.43000041
"100","UPES8lXfIC",0,0,NA,"b2pvYSXJDL","Hpkn8ytvLF",282.231666666667,11.3333333333333,24.91960855,211.695,9.66666666666667,21.8298061433333
"101","ug8wHELp0M",408.9,17,24.0529411764706,"b2pvYSXJDL","Hpkn8ytvLF",346.0675,16.1666666666667,21.7848801733333,339.980833333333,17.5,19.40210196
"102","ljoiuXcnKB",485.7,13,37.3615384615385,"b2pvYSXJDL","Hpkn8ytvLF",634.0325,21.6666666666667,29.1610595766667,598.393333333333,22.5833333333333,26.5533701966667
"103","TzdPkU5kgq",466.8,18,25.9333333333333,"b2pvYSXJDL","Hpkn8ytvLF",560.833333333333,17.9166666666667,31.1196377233333,480.374166666667,16.5,29.3240878666667
"104","EKEcc0uF0D",636.6,21,30.3142857142857,"b2pvYSXJDL","Hpkn8ytvLF",681.3825,25.5833333333333,26.6100612766667,546.748333333333,22.75,23.83783684
"105","qccD3W7gCt",838.2,27,31.0444444444444,"b2pvYSXJDL","Hpkn8ytvLF",563.9475,15,37.5569072366667,593.394166666667,18.5,31.7968611533333
"106","8tYr9S4rpb",543.4,17,31.9647058823529,"b2pvYSXJDL","aYPWOlVSjP",393.3175,13.5833333333333,28.6041434,499.4725,20.25,24.8339200233333
"108","QZIZWB30vw",984.5,42,23.4404761904762,"b2pvYSXJDL","aYPWOlVSjP",988.8125,33.5833333333333,29.79162296,582.145,22.6666666666667,25.5347207966667
"109","oSvEab5E6x",931.8,33,28.2363636363636,"b2pvYSXJDL","aYPWOlVSjP",900.410833333334,28,32.2937142466667,845.305,30.5833333333333,27.74793943
"110","Mw7RpLnpMr",541.8,18,30.1,"b2pvYSXJDL","aYPWOlVSjP",751.343333333334,31.1666666666667,24.29670138,516.753333333333,22.5833333333333,23.1435406233333
"111","ohi3AV8t1G",1011,58,17.4310344827586,"b2pvYSXJDL","aYPWOlVSjP",709.505,39.75,17.9172147766667,561.5375,33,16.97930239
"112","A2MwLHnOgw",779.7,42,18.5642857142857,"b2pvYSXJDL","aYPWOlVSjP",761.55,31.6666666666667,24.0603381,643.989166666667,27.5833333333333,23.3353686966667
"113","MoDTIrF0pC",579.9,21,27.6142857142857,"b2pvYSXJDL","aYPWOlVSjP",578.886666666667,20.3333333333333,28.6896835033333,714.624166666667,27.8333333333333,25.36729271
"114","QuehoApK3g",62.2,4,15.55,"b2pvYSXJDL","7iBAbH6Nzf",234.139166666667,23.5833333333333,10.845271405,227.046666666667,26.5833333333333,8.543070964
"115","oCrRRKFbjN",0,0,NA,"b2pvYSXJDL","7iBAbH6Nzf",423.5275,39.8333333333333,10.85043376,253.329166666667,29.0833333333333,8.67724509666667
"116","ikkHv5gD25",0,0,NA,"b2pvYSXJDL","7iBAbH6Nzf",48.5333333333333,2.33333333333333,23.3611126366667,31.5216666666667,2.41666666666667,13.8508888866667
"117","bKEyG1ooyS",126.6,9,14.0666666666667,"b2pvYSXJDL","7iBAbH6Nzf",62.9241666666667,4.91666666666667,11.519263158,75.5591666666667,8.33333333333333,9.504275461
"118","gezVZQblpt",275.3,20,13.765,"b2pvYSXJDL","7iBAbH6Nzf",99.5858333333334,11.75,9.40981222166667,115.821666666667,10.9166666666667,11.0028248436667
"119","Ejsl6hZKhq",204.8,19,10.7789473684211,"b2pvYSXJDL","7iBAbH6Nzf",83.6383333333333,9.58333333333334,9.08500166533334,101.385833333333,11.4166666666667,9.47674516766667
"120","lNhO1JopRN",0,0,NA,"b2pvYSXJDL","7iBAbH6Nzf",291.301666666667,25.6666666666667,11.3974166866667,287.879444444445,31.2777777777778,9.20416849833333
"121","f8ng63ztYa",73.9,3,24.6333333333333,"b2pvYSXJDL","7iBAbH6Nzf",327.57,29.8333333333333,10.9345238233333,139.1025,13.75,9.92744965233333
"122","y3YC1M5tJB",179.5,6,29.9166666666667,"ttgOGYLFXA","Qbu6oxYtP9",745.765,30.1666666666667,24.6904687666667,530.145833333333,23.9166666666667,22.12562653
"123","T5MfL64kg8",678.5,23,29.5,"ttgOGYLFXA","Qbu6oxYtP9",991.773333333333,29.3333333333333,33.8742574533333,729.261666666667,24.5,29.8042800233333
"124","wQrkukbPJg",1152.8,23,50.1217391304348,"ttgOGYLFXA","Qbu6oxYtP9",655.761666666667,14.0833333333333,46.2846484066667,639.225,17.25,37.14046389
"125","iGvIkYkZQm",625.3,32,19.540625,"ttgOGYLFXA","Qbu6oxYtP9",305.744722233333,14.4166666666667,21.1852925866667,NA,NA,NA
"127","M7QS4FASzo",325.3,7,46.4714285714286,"ttgOGYLFXA","Hpkn8ytvLF",825.099166666667,20.9166666666667,39.4742850333333,706.3425,22.5,31.45976903
"128","FmffbPGyg6",102.3,4,25.575,"ttgOGYLFXA","Hpkn8ytvLF",1122.40833333333,36,31.3921070233333,975.317777777778,32.3888888888889,30.2152198366667
"129","6TTSmHvn5J",271.7,9,30.1888888888889,"ttgOGYLFXA","Hpkn8ytvLF",517.22,21.1666666666667,24.3635692066667,533.2625,23.25,22.94158944
"130","mQ1gv0QxeZ",116.1,8,14.5125,"ttgOGYLFXA","7iBAbH6Nzf",246.7225,19.1666666666667,13.2561492166667,173.250833333333,18.8333333333333,9.59864323133334
"131","pKW9s4tkb5",550.9,65,8.47538461538461,"ttgOGYLFXA","7iBAbH6Nzf",452.045833333333,63.6666666666667,7.19504323533333,323.726666666667,48.9444444444445,6.615099439
"132","0WerRFxvyQ",245.3,18,13.6277777777778,"ttgOGYLFXA","7iBAbH6Nzf",331.6,23.5833333333333,14.16688889,298.164166666667,25.5833333333333,11.62440821
"133","pkO5zbgqYp",354.5,24,14.7708333333333,"ttgOGYLFXA","7iBAbH6Nzf",497.949166666667,48.1666666666667,10.3536192166667,206.657777777778,21.1666666666667,9.57907369733334
"134","Pv7qlRmSaB",474.2,14,33.8714285714286,"ttgOGYLFXA","7iBAbH6Nzf",931.9525,34.0833333333333,27.25424012,715.067083333333,28,25.252022875
"135","fAeS9pD16Q",210.6,10,21.06,"ttgOGYLFXA","7iBAbH6Nzf",446.1,30,14.96006259,174.963333333333,13.5,13.0139208766667
"136","cSWX3L9zJq",114.4,7,16.3428571428571,"ttgOGYLFXA","7iBAbH6Nzf",309.81,26.0833333333333,11.8995781133333,202.880833333333,22.3333333333333,9.06264362033333
"137","MXwkRDkjS5",364.7,41,8.89512195121951,"ttgOGYLFXA","7iBAbH6Nzf",375.869166666667,54.8333333333333,6.814293138,248.500833333333,32.4166666666667,7.722236151
"138","c0cAbSmK0Q",769.6,29,26.5379310344828,"i8p26H2GUE","52QKSimTco",913.304166666667,36.3333333333333,25.1403596566667,568.2975,26.5,21.6536523033333
"139","2bgjtylehG",889.8,32,27.80625,"i8p26H2GUE","52QKSimTco",829.2175,34.1666666666667,24.9704994733333,720.7375,30.75,23.45093201
"140","pFK8ZsfppK",519,15,34.6,"i8p26H2GUE","52QKSimTco",552.661666666667,18.3333333333333,30.15585709,556.7425,20.6666666666667,26.59360146
"141","qbTLDWe3Xj",239.9,7,34.2714285714286,"i8p26H2GUE","52QKSimTco",399.740833333333,12.0833333333333,33.2587324933333,574.770833333333,19.5,29.6050780466667
"142","8B5nLeJKr5",811,35,23.1714285714286,"i8p26H2GUE","52QKSimTco",1125.1325,37.1666666666667,30.25501957,885.9475,34.9166666666667,25.35337408
"143","p8MyJIQvqG",804.6,32,25.14375,"i8p26H2GUE","52QKSimTco",782.6075,29.25,26.7132480666667,763.607777777778,31.2222222222222,24.46731701
"144","RcnjdkDVu1",1075.7,40,26.8925,"i8p26H2GUE","52QKSimTco",993.251666666667,39.5833333333333,25.3637651166667,792.913333333333,35.25,22.4191964066667
"145","hdVNAXH3eZ",1071.2,34,31.5058823529412,"i8p26H2GUE","52QKSimTco",806.676666666667,25.8333333333333,31.1930790266667,780.325,27.3333333333333,28.5402597366667
"146","SvqvhD9dGs",1066.4,40,26.66,"i8p26H2GUE","1MNP3T7ww2",773.455833333333,26.75,28.77493176,745.540555555556,26.5833333333333,28.1422131833333
"147","96ZbDyhCsU",1437.1,41,35.0512195121951,"i8p26H2GUE","1MNP3T7ww2",884.5075,20.75,42.59766804,920.541666666667,23.8055555555556,38.5956345733333
"148","xIDMSWefma",499.3,17,29.3705882352941,"i8p26H2GUE","1MNP3T7ww2",563.325833333333,18.5,30.50440273,548.7275,17.6666666666667,31.22304946
"149","t1aHV9WY7Q",720.5,32,22.515625,"i8p26H2GUE","1MNP3T7ww2",682.770833333333,26.25,25.91576649,697.001666666667,29.0833333333333,24.1133754533333
"150","RBH1Q705ET",53.8,1,53.8,"i8p26H2GUE","1MNP3T7ww2",276.86,10.8333333333333,25.6421109966667,260.390833333333,11.3333333333333,22.77569608
"151","alZ1bqr1MA",760.2,34,22.3588235294118,"i8p26H2GUE","1MNP3T7ww2",942.065833333334,33.5833333333333,28.2200947933333,863.565,32,26.9735694966667
"152","nez78sAdXX",819,29,28.2413793103448,"i8p26H2GUE","1MNP3T7ww2",569.545833333334,21.0833333333333,27.1621715033333,412.004166666667,16.8333333333333,24.85447923
"153","fCclflw2xr",790,21,37.6190476190476,"i8p26H2GUE","1MNP3T7ww2",806.1975,22.3333333333333,36.2135666533333,745.6,25.2222222222222,29.5196545733333
"155","IP2ZOR9F3Z",859,32,26.84375,"i8p26H2GUE","4UvNz6j0f2",650.783333333333,22.8333333333333,28.5890811366667,697.455,28.1666666666667,24.7350712666667
"156","O0dZxA4JNy",890.6,23,38.7217391304348,"i8p26H2GUE","4UvNz6j0f2",757.694722233333,22.4444444433333,33.5932894733333,648.0025,23.5,27.57457447
"157","3wNJEKacSk",1047,49,21.3673469387755,"i8p26H2GUE","4UvNz6j0f2",586.113333333333,26.75,22.0463564566667,656.229166666667,33.3333333333333,19.5172750333333
"158","q3gl8sj3eJ",1186,26,45.6153846153846,"i8p26H2GUE","4UvNz6j0f2",667.490833333333,18,37.3732294133333,678.776666666667,20,33.90093394
"159","sFTQDny5zc",513.04,15,34.2026666666667,"i8p26H2GUE","4UvNz6j0f2",374.395,11.9166666666667,31.0302998833333,401.424166666667,12.0833333333333,33.0903761433333
"160","oCNAuChUwj",989.6,40,24.74,"i8p26H2GUE","4UvNz6j0f2",653.342222233333,22.6666666666667,28.96128968,NA,NA,NA
"161","6OJObpZdip",763.599999999999,28,27.2714285714285,"i8p26H2GUE","4UvNz6j0f2",352.459166666667,16.6666666666667,21.3557139266667,419.5725,19.6666666666667,21.2566393866667
"162","xdAZYwnm1v",595,22,27.0454545454545,"i8p26H2GUE","mpcNtDuFer",557.475833333334,18.4166666666667,30.4391106033333,542.823333333333,19,28.5735019033333
"163","OjVMAMfusj",932.7,35,26.6485714285714,"i8p26H2GUE","mpcNtDuFer",921.788333333334,31.25,29.80092106,848.135833333333,29,28.9463856633333
"164","EvEuNIWxY2",228.9,12,19.075,"i8p26H2GUE","mpcNtDuFer",411.263333333333,21,20.01681133,322.221666666667,18.1944444444444,16.8802596166667
"165","bZGfUd1pyy",684.1,24,28.5041666666667,"i8p26H2GUE","mpcNtDuFer",775.570833333333,29.6666666666667,26.1697041933333,761.606666666667,30.9166666666667,24.5977234933333
"166","n2fey6uDp0",662.7,21,31.5571428571429,"i8p26H2GUE","fuSIkHAJnC",896.18,24.6666666666667,36.55351898,518.799166666667,16.5833333333333,31.2585805033333
"168","26oDVkmLQy",408.7,11,37.1545454545455,"i8p26H2GUE","fuSIkHAJnC",828.463333333333,27.1666666666667,30.5862342366667,611.518333333334,23.3333333333333,26.2427500033333
"169","GK1v4aaAqR",711.7,24,29.6541666666667,"i8p26H2GUE","fuSIkHAJnC",651.541666666667,21.5833333333333,30.1777178933334,651.629166666667,24.8333333333333,26.2030001833333
"170","sSvKjIyhXj",1079.9,36,29.9972222222222,"i8p26H2GUE","fuSIkHAJnC",556.235833333333,19.8333333333333,28.3601732333333,687.348333333333,25.25,27.2234531333333
"171","rzJXdSLr1n",767.1,25,30.684,"i8p26H2GUE","fuSIkHAJnC",539.846666666667,16.5,33.2041227866667,594.545833333333,18.5,31.6446247833333
"172","9AwUyVLD28",447.8,8,55.975,"i8p26H2GUE","fuSIkHAJnC",740.4675,23.3333333333333,31.64355952,635.379166666667,22.6666666666667,27.9051937333333
"173","qESklSX38d",629.4,26,24.2076923076923,"i8p26H2GUE","fuSIkHAJnC",591.404166666667,24.5,24.33745722,386.794166666667,19.9166666666667,19.4669127933333
"174","J9Xa1kbpUj",152.3,4,38.075,"i8p26H2GUE","Qbu6oxYtP9",810.560833333333,27.25,29.8284428033333,NA,NA,NA
"175","D1VQzfi7Nh",552.5,15,36.8333333333333,"i8p26H2GUE","Qbu6oxYtP9",591.2575,15.75,37.83311986,661.424166666667,18.8333333333333,35.1612839066667
"176","pjtSHx8v7t",763.4,31,24.6258064516129,"i8p26H2GUE","Qbu6oxYtP9",840.325,29,29.2315733066667,596.811666666667,23.4166666666667,25.3837016566667
"177","8tXmtsjAAQ",646,19,34,"i8p26H2GUE","Qbu6oxYtP9",714.200833333333,23.3333333333333,30.57154862,501.844166666667,18.1666666666667,27.2255636233333
"178","gSoOPIeXuq",304,9,33.7777777777778,"i8p26H2GUE","Hpkn8ytvLF",801.675,29.8333333333333,26.92726654,771.283333333334,29.25,26.3994428133333
"179","mGULXWazK5",398.3,9,44.2555555555556,"i8p26H2GUE","Hpkn8ytvLF",666.086666666667,22.3333333333333,29.85845303,565.628333333334,19.1666666666667,29.4148583466667
"181","SL1lWFm9XE",545.8,16,34.1125,"i8p26H2GUE","Hpkn8ytvLF",598.35,19.6666666666667,30.4643537566667,594.23125,21.875,27.214092635
"182","WwBTWR7paz",666.8,25,26.672,"i8p26H2GUE","Hpkn8ytvLF",352.3325,14,25.2792442266667,332.495,13.4166666666667,24.8700887766667
"183","0DS83zVlNl",849.4,22,38.6090909090909,"i8p26H2GUE","Hpkn8ytvLF",364.023333333333,18.1666666666667,20.0260705733333,476.3575,16.9166666666667,28.2623180466667
"184","00GXIog6wH",457.7,18,25.4277777777778,"i8p26H2GUE","Hpkn8ytvLF",537.391666666667,20.6666666666667,26.0657876633333,488.084166666667,19.25,25.4167420466667
"185","kFi8UCjf6k",155.2,4,38.8,"i8p26H2GUE","Hpkn8ytvLF",467.173333333333,16.75,28.18284438,552.9625,20.25,26.99071262
"186","ZwI6Kc2aVJ",398.5,12,33.2083333333333,"i8p26H2GUE","aYPWOlVSjP",647.901666666667,27.75,23.6987939833333,589.409166666667,24.4166666666667,24.2695705133333
"187","mIXfImgQwv",266.1,11,24.1909090909091,"i8p26H2GUE","aYPWOlVSjP",648.2025,26.8333333333333,24.65046297,533.811666666667,23.75,22.8026931966667
"188","W1HbFxF5Bf",952.8,42,22.6857142857143,"i8p26H2GUE","aYPWOlVSjP",824.866944433333,36,22.9040530166667,666.865833333333,32.0833333333333,20.47889789
"189","6P2x50X8rL",485.7,20,24.285,"i8p26H2GUE","aYPWOlVSjP",867.680833333334,38.9166666666667,22.3291897033333,NA,NA,NA
"190","rO3XeLhY10",424.5,34,12.4852941176471,"i8p26H2GUE","7iBAbH6Nzf",232.908333333333,17.8333333333333,13.10212209,188.090833333333,16.6666666666667,11.3394470846667
"191","oTA7NfouOq",0,0,NA,"i8p26H2GUE","7iBAbH6Nzf",136.27,9.83333333333334,16.7383186833333,88.3033333333334,7.5,11.7644466166667
"192","1NCuQHWBQH",209.3,12,17.4416666666667,"i8p26H2GUE","7iBAbH6Nzf",71.1825,5.58333333333333,12.0560083333333,134.54,13.8333333333333,9.33625979033333
"193","mOiXGXVTpF",0,0,NA,"i8p26H2GUE","7iBAbH6Nzf",94.8458333333333,9.33333333333333,10.1520549943333,89.9016666666667,8.91666666666667,9.78560307033334
"194","Ag0gML66ay",73.1,2,36.55,"i8p26H2GUE","7iBAbH6Nzf",84.2716666666667,5.66666666666667,15.0878464166667,95.0994444444445,8.88888888888889,10.6694638533333
"195","2zl9ZIKCAu",270.8,16,16.925,"i8p26H2GUE","7iBAbH6Nzf",418.196666666667,37.5,11.2190898036667,244.8275,25.1666666666667,9.67648083133333
"196","XIL1ZAhb5y",146.1,9,16.2333333333333,"i8p26H2GUE","7iBAbH6Nzf",35.1525,3,9.58781818333333,161.956388888889,12.8888888888889,11.478297258
"197","mTTyvgwTUU",396.9,28,14.175,"i8p26H2GUE","7iBAbH6Nzf",481.111666666667,38,12.7744318733333,355.311666666667,32.25,11.00642543
"198","CvIbPJVjJh",749.6,24,31.2333333333333,"R9KUKOjnBl","52QKSimTco",559.870277766667,19.11111111,29.29534732,699.8425,23.8333333333333,29.37611804
"200","f2rztMiNEf",747.4,22,33.9727272727273,"R9KUKOjnBl","52QKSimTco",1034.81416666667,32.5,32.10636266,902.776666666667,31.5833333333333,28.3781264566667
"201","xbUzn16QGf",884.6,25,35.384,"R9KUKOjnBl","52QKSimTco",725.2925,21.0833333333333,34.4001495533333,633.876666666667,20.9166666666667,30.35119097
"202","MyISRamDyb",1029.2,44,23.3909090909091,"R9KUKOjnBl","52QKSimTco",932.530833333333,37.25,24.97901093,568.406666666667,25.4166666666667,22.4433846133333
"203","nvAFGZLpGP",296.8,14,21.2,"R9KUKOjnBl","52QKSimTco",627.708333333333,22.9166666666667,27.2519037466667,549.555,25.0833333333333,21.9049651766667
"204","Z4TLaxumEJ",694.7,22,31.5772727272727,"R9KUKOjnBl","52QKSimTco",770.206666666667,25.5833333333333,30.06999095,862.055,30,28.7235345966667
"205","2o3BbB4ahH",540.6,15,36.04,"R9KUKOjnBl","52QKSimTco",760.446666666667,25.6666666666667,29.6282193533333,644.1,26,24.7093381566667
"206","lKIll5THvu",811.9,31,26.1903225806452,"R9KUKOjnBl","1MNP3T7ww2",591.661666666667,22.4166666666667,26.3761755433333,646.550833333333,25.5833333333333,25.3662299233333
"208","mGXO439C11",756.7,31,24.4096774193548,"R9KUKOjnBl","1MNP3T7ww2",795.203333333333,28.75,27.5588557733333,560.95,23.0833333333333,24.43348833
"209","OGq42I4OF0",738.7,20,36.935,"R9KUKOjnBl","1MNP3T7ww2",619.7375,20.4166666666667,30.3463945033333,614.468333333333,22.5833333333333,27.18853924
"210","1VXGtBHVIi",994.6,33,30.1393939393939,"R9KUKOjnBl","1MNP3T7ww2",758.3836111,22.0833333333333,33.8036172133333,731.120833333334,23,32.0172606366667
"211","5KuDzQqYgQ",541.2,19,28.4842105263158,"R9KUKOjnBl","1MNP3T7ww2",475.26,18.4166666666667,25.7891735566667,551.701666666667,23.1666666666667,23.6912307966667
"212","s0P5q48YQE",336.2,13,25.8615384615385,"R9KUKOjnBl","1MNP3T7ww2",469.970833333333,20,23.5524561333333,511.7075,23.75,21.5007464533333
"213","sUyTC9sbhm",1212.2,46,26.3521739130435,"R9KUKOjnBl","1MNP3T7ww2",776.641666666667,28.1666666666667,27.6688437166667,710.510833333333,27.5,25.8239292533333
"214","cZtqLEX5hL",565.6,23,24.5913043478261,"R9KUKOjnBl","4UvNz6j0f2",577.710833333333,22.1666666666667,26.1615710166667,731.43875,30.375,24.12586534
"215","B2zDaSEqSb",1089.6,50,21.792,"R9KUKOjnBl","4UvNz6j0f2",661.19,23.75,27.9224358833333,735.183333333334,31.5,23.3784448966667
"217","f82U12TCJx",960.1,30,32.0033333333333,"R9KUKOjnBl","4UvNz6j0f2",686.544166666667,19.5833333333333,35.1601299733333,757.304166666667,25.5,29.85859116
"218","wCQpc0fVpQ",252.1,5,50.42,"R9KUKOjnBl","4UvNz6j0f2",709.884166666667,19.9166666666667,35.6021913566667,NA,NA,NA
"219","iLeNHlXTX7",708.1,20,35.405,"R9KUKOjnBl","4UvNz6j0f2",766.461666666667,22.5833333333333,34.0400394933333,613.118333333333,20.0833333333333,30.3586547966667
"220","nQx5IbjUhx",851,27,31.5185185185185,"R9KUKOjnBl","4UvNz6j0f2",969.595,26.1666666666667,37.44082006,790.245,23.25,34.0780677666667
"221","ZfnBAqVAIQ",204.6,4,51.15,"R9KUKOjnBl","4UvNz6j0f2",647.1725,22.1666666666667,29.1451915233333,606.215,25.1666666666667,24.0452276833333
"222","btPeoP1rsV",369.4,13,28.4153846153846,"R9KUKOjnBl","mpcNtDuFer",497.1125,17,29.0780539566667,388.679722222222,15.2777777777778,25.44689512
"223","wpF9cCyXvO",561.8,26,21.6076923076923,"R9KUKOjnBl","mpcNtDuFer",576.241666666667,18.1666666666667,31.42600626,739.665833333334,25.6666666666667,28.6707825866667
"224","Ym5uGAnhZE",332.5,9,36.9444444444444,"R9KUKOjnBl","mpcNtDuFer",598.005833333333,17.9166666666667,33.6019604333333,555.840833333333,17.6666666666667,31.8743545
"225","vB7bTvhw6I",103.8,3,34.6,"R9KUKOjnBl","mpcNtDuFer",690.9975,25.8333333333333,26.6457238666667,452.246666666667,20.5,22.0493908366667
"226","bVCsfSBP9H",410.1,15,27.34,"R9KUKOjnBl","mpcNtDuFer",575.684166666667,17,34.4724969066667,473.439166666667,16.0833333333333,29.52097792
"227","uGC2hCfoRU",464.6,13,35.7384615384615,"R9KUKOjnBl","mpcNtDuFer",594.719166666667,18.9166666666667,31.7644064633333,466.1525,15.4166666666667,30.3983306566667
"228","HcrNPDnCyt",0,0,NA,"R9KUKOjnBl","mpcNtDuFer",543.083333333333,14,38.7842495066667,567.078333333333,18.0833333333333,31.3117171233333
"229","znTeLmfyXy",488,14,34.8571428571429,"R9KUKOjnBl","mpcNtDuFer",706.000833333334,23.4166666666667,30.18218503,559.8625,20.4166666666667,27.3049194766667
"230","4gki7m2XlV",288.4,9,32.0444444444444,"R9KUKOjnBl","fuSIkHAJnC",671.5088889,22.9166666666667,29.2575789133333,617.635833333333,23.8333333333333,26.54713858
"231","LdiN7NoPFN",628.2,17,36.9529411764706,"R9KUKOjnBl","fuSIkHAJnC",691.575555566667,21,32.8976221066667,590.075,19.25,30.7658860966667
"232","uf4rhogwPs",1072.4,28,38.3,"R9KUKOjnBl","fuSIkHAJnC",947.969166666667,26.5,36.03556929,848.19,24,35.3221352333333
"233","HqyCt3cwyo",951.3,32,29.728125,"R9KUKOjnBl","fuSIkHAJnC",684.143333333333,20.8333333333333,32.97690936,624.979583333333,21.0416666666667,29.799114285
"234","JiwZGMu96P",665.2,26,25.5846153846154,"R9KUKOjnBl","fuSIkHAJnC",491.743333333333,16.0833333333333,30.5457909133333,689.516666666667,26.25,26.3538857466667
"235","zXF7obAJZo",1074.5,42,25.5833333333333,"R9KUKOjnBl","fuSIkHAJnC",655.649166666667,20.5833333333333,32.0166427466667,699.461666666667,25.25,27.7711941666667
"236","7ZfUcflUB5",542.5,15,36.1666666666667,"R9KUKOjnBl","fuSIkHAJnC",647.63,21.0833333333333,30.98270147,616.163333333334,20.3333333333333,30.39747531
"237","99WSelSx70",758,22,34.4545454545455,"R9KUKOjnBl","fuSIkHAJnC",893.9925,23.3333333333333,38.27234059,731.930833333333,23,31.7453243866667
"238","uYjjg6F4bm",566.4,19,29.8105263157895,"R9KUKOjnBl","Qbu6oxYtP9",576.5688889,18.8055555566667,30.5325301466667,779.061666666667,25.0833333333333,31.0678468266667
"239","E1CyABZkGG",420.7,14,30.05,"R9KUKOjnBl","Qbu6oxYtP9",681.051666666667,23.4166666666667,29.0768297666667,697.838333333333,25.25,27.5987738666667
"240","PH0v8USTAZ",42.4,9,4.71111111111111,"R9KUKOjnBl","Qbu6oxYtP9",624.144166666667,19.0833333333333,33.00033068,786.45,24.5,32.115256675
"241","XX8Ua7UKYC",612.3,14,43.7357142857143,"R9KUKOjnBl","Qbu6oxYtP9",408.8925,15.4444444433333,26.2541206333333,478.01625,17.375,27.52335507
"242","T9Ef8dE4Tj",468,14,33.4285714285714,"R9KUKOjnBl","Qbu6oxYtP9",741.800833333333,24.9166666666667,29.7966748633333,594.969166666667,24.25,24.27017598
"243","K77CqP7U9g",649.3,25,25.972,"R9KUKOjnBl","Qbu6oxYtP9",1000.19083333333,29.75,33.61644677,791.3125,27.3333333333333,29.0931989866667
"244","ja4rhEP3qE",1092.7,35,31.22,"R9KUKOjnBl","Qbu6oxYtP9",939.653333333334,24.0833333333333,39.0484423166667,583.615833333334,17.8333333333333,32.5834145666667
"245","sEUvceibVn",221.8,9,24.6444444444444,"R9KUKOjnBl","Qbu6oxYtP9",820.5425,24.75,33.3429253666667,489.62,17.5,28.5402420766667
"246","EdIx91j62A",494.7,17,29.1,"R9KUKOjnBl","Hpkn8ytvLF",493.175833333333,17.0833333333333,29.0596984133333,585.6425,20.6666666666667,28.2791315933333
"247","Ygy1Cr34dn",598.8,20,29.94,"R9KUKOjnBl","Hpkn8ytvLF",696.418333333333,25.75,27.36214225,484.27,18.4166666666667,26.3619852433333
"249","Pg83uryssm",208.2,5,41.64,"R9KUKOjnBl","Hpkn8ytvLF",545.47,18.5,29.52669025,366.32,13,28.2338991533333
"251","M0oLXs8nKw",544.1,17,32.0058823529412,"R9KUKOjnBl","Hpkn8ytvLF",343.611666666667,13.25,25.1294740833333,210.3775,9.5,22.30544391
"252","bTCfdFQZXP",595.9,29,20.548275862069,"R9KUKOjnBl","Hpkn8ytvLF",378.665,13.3333333333333,28.1096184533333,167.875,7.83333333333333,21.7879294166667
"253","ovMPlNMAKT",400.9,11,36.4454545454545,"R9KUKOjnBl","Hpkn8ytvLF",232.8725,11.9166666666667,20.5761010733333,88.9975,5.02777777777778,16.6885445466667
"254","TgmkKkxV7z",273.7,9,30.4111111111111,"R9KUKOjnBl","Hpkn8ytvLF",450.263333333333,19.5833333333333,23.2808943366667,346.230555555556,12.9166666666667,26.9081329333333
"255","IwFCC9gonq",507.5,15,33.8333333333333,"R9KUKOjnBl","aYPWOlVSjP",677.6125,22,30.9573282066667,513.885,15.75,32.2740829133333
"256","RBMXONYdzC",483.9,14,34.5642857142857,"R9KUKOjnBl","aYPWOlVSjP",665.165,26.5833333333333,25.50247166,598.815,24.4166666666667,24.4479339133333
"257","EMcfJQStSE",859.8,27,31.8444444444444,"R9KUKOjnBl","aYPWOlVSjP",760.691666666667,25.1666666666667,30.2931112533333,647.235833333334,21.8333333333333,29.5407422333333
"258","0ZHPkCgP7O",331.1,7,47.3,"R9KUKOjnBl","aYPWOlVSjP",526.369166666667,18.5,28.5178947233333,616.7925,23,26.81706522
"259","V9234Pw3OG",820.4,22,37.2909090909091,"R9KUKOjnBl","aYPWOlVSjP",575.955833333333,21.1666666666667,27.4040798066667,741.093333333333,27.75,26.72849354
"260","toDpn5Xpsi",734.3,21,34.9666666666667,"R9KUKOjnBl","aYPWOlVSjP",764.503333333333,25.6666666666667,29.8074224233333,NA,NA,NA
"261","I14wTy9KGK",1175,39,30.1282051282051,"R9KUKOjnBl","aYPWOlVSjP",785.8175,25.3333333333333,31.0298631,856.304166666667,32.0833333333333,26.73311465
"262","II4AsPzga5",148.8,3,49.6,"R9KUKOjnBl","aYPWOlVSjP",725.483333333333,26,27.8404920166667,605.026666666667,26.5833333333333,22.6685606266667
"263","HWBrSGplVb",0,0,NA,"R9KUKOjnBl","7iBAbH6Nzf",171.629166666667,12.0833333333333,13.7334719933333,191.1725,15.1666666666667,12.5379438066667
"264","oCuF5dfnB2",0,0,NA,"R9KUKOjnBl","7iBAbH6Nzf",65.6483333333334,3.83333333333334,16.4680740766667,68.2541666666667,5,13.3648994733333
"265","2cjL0zqwRD",72.2,3,24.0666666666667,"R9KUKOjnBl","7iBAbH6Nzf",43.8333333333334,2.58333333333334,14.67287037,64.5475,8.66666666666667,8.23565972233333
"266","c0CQ8PgJbn",29.4,1,29.4,"R9KUKOjnBl","7iBAbH6Nzf",90.365,5.66666666666667,14.4515426003333,46.2333333333333,4.16666666666667,14.8994117646667
"267","ySTAnwG394",0,0,NA,"R9KUKOjnBl","7iBAbH6Nzf",109.1625,6,16.58644285,45.0408333333333,3.25,14.2590995663333
"268","2EPJHbnvVH",104.8,6,17.4666666666667,"R9KUKOjnBl","7iBAbH6Nzf",194.066666666667,15.6666666666667,12.4745511166667,129.433333333333,12.75,10.0978009193333
"269","1u271NH2U2",36.7,1,36.7,"R9KUKOjnBl","7iBAbH6Nzf",200.068333333333,18.75,10.7351063883333,109.330833333333,12,8.99762963
"271","vYLZ0l7Vml",332.4,8,41.55,"Cr6mrdgibP","52QKSimTco",883.075833333333,27.5833333333333,32.2287991066667,686.009166666667,26,26.3702148566667
"272","geJa3ShnnY",888.8,31,28.6709677419355,"Cr6mrdgibP","52QKSimTco",1002.4325,29.5,34.1488939166667,707.275833333333,23.6666666666667,30.1202651333333
"273","CEAbp1qyN3",645.4,22,29.3363636363636,"Cr6mrdgibP","52QKSimTco",332.6,12.3333333333333,26.7734712366667,281.504166666667,10.8333333333333,27.0768827866667
"274","iD3GlD7Z1H",0,0,NA,"Cr6mrdgibP","52QKSimTco",553.249166666667,14.4166666666667,38.2253565933333,555.804166666667,16.5,34.31022851
"275","jRrtEbR39M",728.6,26,28.0230769230769,"Cr6mrdgibP","52QKSimTco",615.3425,20.5833333333333,30.5167902266667,539.565833333333,18.6666666666667,29.11752399
"276","AcTtnGcbzL",562.5,20,28.125,"Cr6mrdgibP","52QKSimTco",789.489166666667,22.75,34.91321973,626.999166666667,21.75,28.9873933433333
"277","lAcmYOXXSD",582.6,17,34.2705882352941,"Cr6mrdgibP","52QKSimTco",596.75,18.6666666666667,32.4128175166667,535.870833333334,18.1666666666667,29.4508092233333
"278","GP3t3q9fV8",229.5,7,32.7857142857143,"Cr6mrdgibP","52QKSimTco",411.3875,15.9166666666667,26.1887340966667,275,11.1666666666667,24.6364915566667
"279","k12l9twAMl",723.8,25,28.952,"Cr6mrdgibP","1MNP3T7ww2",520.150833333333,15.6666666666667,33.02168064,514.564166666667,17.75,29.03701154
"280","80VQnUiM0f",891.3,32,27.853125,"Cr6mrdgibP","1MNP3T7ww2",871.895,25.0833333333333,34.8537473866667,792.753333333333,24.1666666666667,33.0924875633333
"281","hlOVPuNqRf",946.7,36,26.2972222222222,"Cr6mrdgibP","1MNP3T7ww2",610.1575,20,30.5421648766667,646.8375,23.5,27.37459216
"282","dlLpfxxvZl",965.6,36,26.8222222222222,"Cr6mrdgibP","1MNP3T7ww2",782.8425,25.9166666666667,30.2159529666667,580.735,21.0833333333333,27.3434570433333
"283","uiQQwAGk5e",660.4,23,28.7130434782609,"Cr6mrdgibP","1MNP3T7ww2",743.849166666667,21.63888889,34.3199182666667,676.901111111111,18.0833333333333,37.33562832
"284","LAecTBJeKS",695.3,24,28.9708333333333,"Cr6mrdgibP","1MNP3T7ww2",881.620833333334,26.6666666666667,32.9408630966667,712.45,24.3333333333333,29.3448518633333
"285","meeGBhzF7r",383.1,12,31.925,"Cr6mrdgibP","1MNP3T7ww2",429.888333333333,10.8333333333333,39.93530818,395.433333333333,11.1666666666667,33.7679102533333
"286","k6ylfBbkB9",1181.5,56,21.0982142857143,"Cr6mrdgibP","1MNP3T7ww2",802.106666666667,29.9166666666667,26.8956080633333,802.973333333333,29.9166666666667,26.9882908133333
"287","9zGLkao1aK",839.6,30,27.9866666666667,"Cr6mrdgibP","4UvNz6j0f2",887.059166666667,29,30.8166273133333,598.121111111111,22.9166666666667,25.8255106233333
"288","NhdGMfDZjR",486.2,17,28.6,"Cr6mrdgibP","4UvNz6j0f2",966.869166666666,40.5,23.9786025466667,686.652222222222,29.3333333333333,23.43257068
"289","xt6wgNhgE2",624.1,20,31.205,"Cr6mrdgibP","4UvNz6j0f2",903.513333333333,24.5833333333333,36.79767131,767.463333333333,21.75,35.6809527933333
"290","yydKWZlMrX",733.4,26,28.2076923076923,"Cr6mrdgibP","4UvNz6j0f2",816.898333333334,22.8333333333333,36.4099070833333,587.5925,17.6944444444444,33.2433756433333
"291","76BYLg0bdJ",209.6,4,52.4,"Cr6mrdgibP","4UvNz6j0f2",450.23,15.6666666666667,28.72700269,390.050833333333,13.6666666666667,28.6709653866667
"292","dE8IHO0DOt",827.9,28,29.5678571428571,"Cr6mrdgibP","4UvNz6j0f2",487.033333333333,17.5,28.2805428366667,407.418055555556,16.4444444444444,24.6198448866667
"293","bFDveLjGIk",0,0,NA,"Cr6mrdgibP","4UvNz6j0f2",335.3625,10.4166666666667,32.67867521,238.739166666667,8.66666666666667,26.93109094
"294","kET1Y78Gdf",1044.3,30,34.81,"Cr6mrdgibP","4UvNz6j0f2",924.265,27.3333333333333,33.92038177,591.309166666667,21.4166666666667,27.2856451166667
"295","MZUSnqda1W",500.5,23,21.7608695652174,"Cr6mrdgibP","mpcNtDuFer",591.141666666667,19.9166666666667,29.3385301766667,654.693888888889,26.1944444444444,25.01769367
"296","448ZRyJfAH",715.1,18,39.7277777777778,"Cr6mrdgibP","mpcNtDuFer",666.109166666667,16.0833333333333,41.3989394066667,554.673333333333,15.0833333333333,36.6228301533333
"297","YnOl4NkcMZ",742.8,26,28.5692307692308,"Cr6mrdgibP","mpcNtDuFer",876.731666666666,27.4166666666667,32.2573550266667,797.021666666667,26.75,29.81529073
"298","lks4FJUGGU",698.3,26,26.8576923076923,"Cr6mrdgibP","mpcNtDuFer",1269.51416666667,38.25,33.1275094166667,678.998333333333,22.8333333333333,29.3166964133333
"299","5LjoB4BCbQ",84.6,3,28.2,"Cr6mrdgibP","mpcNtDuFer",497.27,15.75,31.95746397,345.575,14.25,24.2464969833333
"300","uj45Cv2HI3",427.4,22,19.4272727272727,"Cr6mrdgibP","mpcNtDuFer",553.4938889,17.36111111,31.90440437,435.666666666667,13.25,32.1214291433333
"301","HCBPAp6xVq",117.7,3,39.2333333333333,"Cr6mrdgibP","mpcNtDuFer",628.0175,20.5,30.5703514533333,499.315,19.8333333333333,25.3429668733333
"302","O0CJLhDPNK",92.3,3,30.7666666666667,"Cr6mrdgibP","mpcNtDuFer",468.473333333333,14.25,32.99803889,432.146666666667,15.8333333333333,27.24286122
"303","RaPIn9p0ar",685.2,22,31.1454545454545,"Cr6mrdgibP","fuSIkHAJnC",412.0375,13.75,30.0512212766667,347.8875,11.25,31.0625250466667
"304","qFN0KoBqQk",670.3,23,29.1434782608696,"Cr6mrdgibP","fuSIkHAJnC",516.1375,15.4166666666667,33.4667460333333,448.811666666667,13.5833333333333,33.2049694066667
"305","iQ0uW5wM6T",258.4,7,36.9142857142857,"Cr6mrdgibP","fuSIkHAJnC",306.958333333333,9.08333333333334,33.4448363433333,407.5525,13.3333333333333,31.0269490233333
"306","QVUKeRV0p4",174.4,6,29.0666666666667,"Cr6mrdgibP","fuSIkHAJnC",139.37,9.33333333333333,14.1918223,35.53,3.25,10.93230769
"307","iTTQypb3QR",9.8,1,9.8,"Cr6mrdgibP","fuSIkHAJnC",220.474166666667,7.91666666666667,27.5832621566667,167.254166666667,7.25,23.0499945166667
"308","QBY805QwQB",925.5,30,30.85,"Cr6mrdgibP","fuSIkHAJnC",392.476666666667,13.3333333333333,30.17471391,204.568333333333,7.91666666666667,26.0401884066667
"309","uwB9ex10Yo",440.5,15,29.3666666666667,"Cr6mrdgibP","fuSIkHAJnC",700.469166666667,24.25,28.7372103033333,611.58,24.9166666666667,24.63121195
"310","2wxnJe5xmJ",0,0,NA,"Cr6mrdgibP","fuSIkHAJnC",668.845,17.8333333333333,37.5907038333333,478.322222222222,14.8611111111111,31.8418981133333
"311","3uljkuiE61",655.4,29,22.6,"Cr6mrdgibP","Qbu6oxYtP9",808.509166666667,26,31.13765973,720.114166666667,25.6666666666667,27.9560534833333
"312","1mbptU9oRJ",446.2,19,23.4842105263158,"Cr6mrdgibP","Qbu6oxYtP9",529.129166666667,20.4166666666667,26.1042284366667,718.790833333333,28.1666666666667,25.6070239633333
"313","I81US1afEc",693.2,18,38.5111111111111,"Cr6mrdgibP","Qbu6oxYtP9",741.923333333333,20.25,36.79259925,851.043888888889,26.3333333333333,32.7796430766667
"314","MQ8xreUcCW",431.4,13,33.1846153846154,"Cr6mrdgibP","Qbu6oxYtP9",707.404166666667,20.0833333333333,35.6685487966667,627.18,20.6666666666667,30.9349925433333
"315","npzdo6Xu0Y",390.5,15,26.0333333333333,"Cr6mrdgibP","Qbu6oxYtP9",782.0975,22.5,34.7041760566667,591.908333333333,18.5833333333333,32.0135819466667
"316","E7ZK52KPqH",360.6,8,45.075,"Cr6mrdgibP","Qbu6oxYtP9",422.5111111,9.52777777766667,44.4245267866667,621.303333333334,17.6666666666667,35.2076291566667
"317","LG4eA4H67a",1273.8,43,29.6232558139535,"Cr6mrdgibP","Qbu6oxYtP9",451.655,13.5833333333333,33.2839057633333,508.5025,19.5833333333333,26.65620793
"318","qhIvhYMcmg",477.6,14,34.1142857142857,"Cr6mrdgibP","Qbu6oxYtP9",570.719166666667,18.75,30.3740622766667,545.370833333334,18.25,29.8364316233333
"319","KQGPmyUdkw",186.3,5,37.26,"Cr6mrdgibP","Hpkn8ytvLF",400.874166666667,17,24.0725468566667,455.425833333333,15.9166666666667,28.8924164366667
"320","VqYD1vQdMQ",123.7,3,41.2333333333333,"Cr6mrdgibP","Hpkn8ytvLF",294.085,11.8333333333333,25.1346051666667,116.861666666667,6.5,18.2245555566667
"321","u2SUCG13H5",254.9,10,25.49,"Cr6mrdgibP","Hpkn8ytvLF",664.020555566667,21.25,31.50740677,434.011666666667,15.8333333333333,27.43351643
"322","rujlK2v6Tr",822.5,25,32.9,"Cr6mrdgibP","Hpkn8ytvLF",669.699166666667,19.75,34.0837049066667,684.97,23.0833333333333,29.63013082
"323","BJtxveb82P",374,12,31.1666666666667,"Cr6mrdgibP","Hpkn8ytvLF",414.13,14.4166666666667,28.9289943233333,417.233333333333,15.75,26.0905545666667
"324","isaDJ1ZAWz",93.2,2,46.6,"Cr6mrdgibP","Hpkn8ytvLF",405.57,12,33.9322962966667,269.6475,10.1666666666667,27.03427484
"325","fAXei3sLG1",118,4,29.5,"Cr6mrdgibP","Hpkn8ytvLF",247.825,13,18.7827597866667,339.729166666667,15.5833333333333,21.8166559866667
"326","W3lwyC9Wz6",216.4,7,30.9142857142857,"Cr6mrdgibP","Hpkn8ytvLF",451.94,17.4166666666667,25.54382182,384.949166666667,15.25,25.2321540066667
"327","ByssL77zwx",212.7,9,23.6333333333333,"Cr6mrdgibP","aYPWOlVSjP",309.5475,17,18.0909920333333,125.704166666667,8,15.8555961966667
"328","xZ632CvoGX",1389.8,80,17.3725,"Cr6mrdgibP","aYPWOlVSjP",722.678333333334,31.4166666666667,23.1635189733333,628.92,30.25,20.4268410866667
"329","zHmIMuoCFH",203,6,33.8333333333333,"Cr6mrdgibP","aYPWOlVSjP",791.773333333334,25.75,31.1441291166667,552.188333333333,20.0833333333333,27.82492752
"330","RwDCEjN8fu",0,0,NA,"Cr6mrdgibP","aYPWOlVSjP",192.526666666667,9.16666666666667,20.9770573933333,224.419166666667,10.4166666666667,21.2294772633333
"331","u2OvnW3rmM",0,0,NA,"Cr6mrdgibP","aYPWOlVSjP",376.873333333333,13.25,28.2525953833333,512.333333333333,19.75,25.8230694466667
"332","KMUhqYMNcT",860.2,40,21.505,"Cr6mrdgibP","aYPWOlVSjP",575.5,20.5,28.05138426,589.513333333333,22.8333333333333,26.51065466
"333","rPwOKOgZgz",687.1,25,27.484,"Cr6mrdgibP","aYPWOlVSjP",1062.56333333333,28.6666666666667,37.1546361566667,774.381666666667,22.9166666666667,33.6986114233333
"334","uJZUn76nCN",388.2,13,29.8615384615385,"Cr6mrdgibP","aYPWOlVSjP",673.356666666667,22.4166666666667,29.7486184933333,610.309166666667,21.0833333333333,29.06237619
"335","Ku4wNJoGGb",67,4,16.75,"Cr6mrdgibP","7iBAbH6Nzf",260.486666666667,28.4166666666667,9.35503327966667,262.116666666667,35.0833333333333,7.46067216633333
"336","qi1WbPPrPN",306.4,29,10.5655172413793,"Cr6mrdgibP","7iBAbH6Nzf",212.6575,19.1666666666667,10.8628624143333,168.151666666667,21.75,7.903268639
"337","pbmGT0VBlN",49.1,2,24.55,"Cr6mrdgibP","7iBAbH6Nzf",148.260833333333,10.4166666666667,13.8138990066667,129.338055555556,11.5277777777778,11.585390066
"338","z9wFFfDRQD",535.799999999999,55,9.74181818181816,"Cr6mrdgibP","7iBAbH6Nzf",478.4925,47.4166666666667,10.130123704,282.446666666667,32.0833333333333,8.866741626
"339","5m6DQEa5X1",431.6,42,10.2761904761905,"Cr6mrdgibP","7iBAbH6Nzf",70.2058333333334,6.08333333333334,10.728809524,172.825833333333,17,10.646745148
"340","DUC7e9LkeA",0,0,NA,"Cr6mrdgibP","7iBAbH6Nzf",88.2466666666667,7.83333333333334,11.719939394,150.008333333333,16.5,9.08289243933334
"341","Afif6NBw6Q",445.7,36,12.3805555555556,"Cr6mrdgibP","7iBAbH6Nzf",297.326666666667,28.8333333333333,10.260189369,269.511666666667,22,12.2631253166667
"342","okd4Cm3Oq0",584,30,19.4666666666667,"inQ5IDMeqY","4UvNz6j0f2",419.314166666667,25.5,16.48880155,344.568333333333,23.1666666666667,14.94115843
"343","Md64XDx6ea",767.5,39,19.6794871794872,"inQ5IDMeqY","4UvNz6j0f2",462.8238889,30.4166666666667,15.14201638,NA,NA,NA
"345","X0lwrDnqpC",713.3,38,18.771052631579,"inQ5IDMeqY","4UvNz6j0f2",600.2063889,27.1666666666667,22.3935246166667,422.443333333333,25.0833333333333,16.9697115966667
"346","HxCKUx2sBw",777.1,31,25.0677419354839,"inQ5IDMeqY","4UvNz6j0f2",505.598333333333,18.5,27.7406254033333,446.713333333333,23.1666666666667,19.3443315333333
"347","873Lq3TZnv",1039.1,51,20.3745098039216,"inQ5IDMeqY","4UvNz6j0f2",933.835,49.75,18.8446239233333,578.448333333333,36.5833333333333,15.8231350566667
"348","zWIa2KEh2R",261.9,13,20.1461538461538,"inQ5IDMeqY","4UvNz6j0f2",636.605833333334,32.25,20.00349491,420.1175,25.8333333333333,16.6013660166667
"349","hej0etmAGh",321.1,15,21.4066666666667,"inQ5IDMeqY","4UvNz6j0f2",658.8975,47,14.1199340633333,497.095277777778,37.25,13.30412421
"350","RzFUSDtdnH",175.2,8,21.9,"inQ5IDMeqY","fuSIkHAJnC",260.549166666667,24.1666666666667,10.8264843406667,NA,NA,NA
"351","OMooSEGGYc",799.9,39,20.5102564102564,"inQ5IDMeqY","fuSIkHAJnC",592.480833333333,28.5833333333333,20.7646386633333,391.013611111111,21.25,18.3861893033333
"352","GEcbg7Y2KV",287.4,19,15.1263157894737,"inQ5IDMeqY","fuSIkHAJnC",152.468333333333,12.1666666666667,13.0076083933333,85.0366666666667,7.5,10.1665630966667
"353","uQWVd9f5R2",419.7,39,10.7615384615385,"inQ5IDMeqY","fuSIkHAJnC",236.6761111,17.3055555566667,13.90010281,NA,NA,NA
"354","crEO988SDt",834.399999999999,53,15.7433962264151,"inQ5IDMeqY","aYPWOlVSjP",788.74,47.4166666666667,16.7351550733333,NA,NA,NA
"355","A4Ae3le1cW",882.2,41,21.5170731707317,"inQ5IDMeqY","aYPWOlVSjP",880.47916665,42.666666665,21.06073302,NA,NA,NA
"356","xgDBAOA5po",860.7,46,18.7108695652174,"inQ5IDMeqY","aYPWOlVSjP",768.676666666667,39.5833333333333,19.6352205166667,473.83,29.3333333333333,16.1886374533333
"357","44t2BlMPVF",643.7,45,14.3044444444444,"inQ5IDMeqY","aYPWOlVSjP",629.086666666667,32,19.68094419,498.048333333333,26.0833333333333,19.2762023633333
"358","XS9K4pgP6o",559.8,31,18.058064516129,"inQ5IDMeqY","aYPWOlVSjP",378.2775,29.1666666666667,12.9208398566667,234.125833333333,14.9166666666667,15.5243135533333
"359","CkpqdrAF8u",786.4,44,17.8727272727273,"inQ5IDMeqY","aYPWOlVSjP",777.434166666666,46.5833333333333,16.8158150066667,361.850833333333,21.25,17.0759392266667
"360","Bhfi4eA3l1",1006,43,23.3953488372093,"inQ5IDMeqY","aYPWOlVSjP",714.3,30.4166666666667,23.4833331133333,547.995833333333,25.6666666666667,21.2956675166667
"361","BzcsF53AOk",989.3,52,19.025,"inQ5IDMeqY","aYPWOlVSjP",661.564166666667,36.4166666666667,18.1697809366667,513.1925,27.5,18.85197958
"362","AXX7t1ewXM",1006.6,33,30.5030303030303,"RyuP7vpxrL","52QKSimTco",1020.49833333333,41.5833333333333,24.5588524933333,730.538055555556,33.5555555555556,21.6179291333333
"363","auSvgiyVp1",0,0,NA,"RyuP7vpxrL","52QKSimTco",132.995833333333,11.5,10.8686335056667,69.7958333333333,6.16666666666667,10.8951805556667
"364","G7isxoanG4",174.2,5,34.84,"RyuP7vpxrL","52QKSimTco",709.576666666667,25.8333333333333,27.5447798266667,464.166666666667,21.75,21.33292877
"365","sy4AEm1CyW",848.1,33,25.7,"RyuP7vpxrL","52QKSimTco",911.383333333333,48.75,18.7753893033333,736.6325,41.4166666666667,17.73928001
"366","OrFWnDdVMY",1024.5,63,16.2619047619048,"RyuP7vpxrL","52QKSimTco",916.294166666667,59.25,15.5634762266667,760.535,55.8333333333333,13.6204496266667
"367","5PLGIwwvqv",631.5,24,26.3125,"RyuP7vpxrL","52QKSimTco",964.5375,49.5833333333333,19.6297629433333,785.25,40.5,19.6261197966667
"368","n95dryxuYR",734.9,32,22.965625,"RyuP7vpxrL","52QKSimTco",1010.88416666667,45.6666666666667,21.8313291833333,700.744166666667,32.5,21.51091177
"369","KGsUDObyZA",549.1,32,17.159375,"RyuP7vpxrL","52QKSimTco",421.105,31.6666666666667,13.21187526,331.195833333333,23.5833333333333,14.0007770866667
"370","IMJIBLQ6C7",720.5,34,21.1911764705882,"RyuP7vpxrL","1MNP3T7ww2",641.735,29.0833333333333,22.14427643,446.575,22.75,19.4464711233333
"371","9ZjOvpgEzo",961.1,50,19.222,"RyuP7vpxrL","1MNP3T7ww2",994.579166666666,46.0833333333333,21.68906636,670.494166666667,33.4166666666667,20.0974405266667
"372","v17uidgBBo",1069.2,38,28.1368421052632,"RyuP7vpxrL","1MNP3T7ww2",1421.20833333333,54.5,26.1614055766667,866.581666666667,37.8055555555556,23.0005196733333
"373","JYWR8NTD7K",300.9,13,23.1461538461538,"RyuP7vpxrL","1MNP3T7ww2",254.669166666667,22.4166666666667,11.40600456,149.866666666667,16.1666666666667,9.16531926533333
"374","2GC8zqhZsI",995.4,48,20.7375,"RyuP7vpxrL","1MNP3T7ww2",617.21,27.1666666666667,22.75653276,685.959166666667,36.25,18.9245924
"375","dsFr3F7Pt0",716.9,29,24.7206896551724,"RyuP7vpxrL","1MNP3T7ww2",740.245833333334,40.75,18.12043477,412.643333333333,26,15.7628487
"376","R6hG2RXKne",1019.3,46,22.1586956521739,"RyuP7vpxrL","1MNP3T7ww2",967.430833333334,40.4166666666667,24.38124201,784.466666666667,34.75,22.76341525
"377","lJWdwuidqm",383.7,14,27.4071428571429,"RyuP7vpxrL","1MNP3T7ww2",824.2425,30.8333333333333,26.73028801,535.283333333333,23.6666666666667,22.60317916
"378","N362HsjsVQ",0,0,NA,"RyuP7vpxrL","4UvNz6j0f2",1120.94083333333,40.5833333333333,27.8976453933333,818.0675,33.8333333333333,23.9853346266667
"379","4qQILATlLQ",345.9,24,14.4125,"RyuP7vpxrL","4UvNz6j0f2",149.8475,16.75,9.05443695666666,173.4025,14.25,12.3214865326667
"380","c5G6OjGztx",685.599999999999,36,19.0444444444444,"RyuP7vpxrL","4UvNz6j0f2",441.928333333333,18.0833333333333,24.69686425,547.208333333333,27.8333333333333,19.9217208566667
"381","vmy7JRc7v2",167.2,6,27.8666666666667,"RyuP7vpxrL","4UvNz6j0f2",136.338333333333,15.4166666666667,8.91515340933333,99.27,11.3333333333333,8.31391059333334
"382","9fBDgOE6r9",212.1,12,17.675,"RyuP7vpxrL","mpcNtDuFer",462.4725,35.25,13.0797703666667,318.23,29.6666666666667,10.9075562723333
"383","dGCyPaobK8",1005.2,52,19.3307692307692,"RyuP7vpxrL","mpcNtDuFer",758.6625,46.5833333333333,16.2769361433333,720.82,42.25,17.1633404633333
"384","0bnyPqG8ET",678.6,27,25.1333333333333,"RyuP7vpxrL","mpcNtDuFer",532.359166666667,30.75,17.3692221866667,578.133333333333,32.5833333333333,17.7232380133333
"385","ZzlkFyieyW",47.9,7,6.84285714285714,"RyuP7vpxrL","mpcNtDuFer",113.001666666667,10.2222222223333,11.07610879,188.495,21,9.09138431366667
"386","ZeVH2Tu1BL",235.1,16,14.69375,"RyuP7vpxrL","mpcNtDuFer",163.0625,13,12.19025108,167.285,14.3333333333333,11.963845288
"387","s1nye7jYfI",865.499999999999,59,14.6694915254237,"RyuP7vpxrL","mpcNtDuFer",738.161666666667,41.5833333333333,17.7368370566667,547.1625,35.9166666666667,15.2919980966667
"388","aeKa7mWWqK",201,14,14.3571428571429,"RyuP7vpxrL","mpcNtDuFer",241.6575,24.6666666666667,9.76522737500001,180.3025,21,8.585833333
"389","Pvl1jm3QX9",133.8,10,13.38,"RyuP7vpxrL","mpcNtDuFer",99.3916666666666,8.91666666666667,11.4597815766667,80.9408333333333,7.58333333333333,10.6062222233333
"390","zH75Gig2qI",710,35,20.2857142857143,"RyuP7vpxrL","fuSIkHAJnC",496.56,29.25,16.9988594866667,426.02,26.4166666666667,16.1906789466667
"391","BmVGTUL0g0",40.7,2,20.35,"RyuP7vpxrL","fuSIkHAJnC",428.220833333333,44.9166666666667,9.52981877166667,188.845833333333,21.5833333333333,8.80787200933334
"392","QokAzHQFHd",397,12,33.0833333333333,"RyuP7vpxrL","fuSIkHAJnC",359.193333333333,13,27.0194554333333,404.4025,16.1666666666667,24.40727344
"393","sn6Z3SG2Q6",777.3,30,25.91,"RyuP7vpxrL","fuSIkHAJnC",689.348333333333,27.4166666666667,25.1910103633333,547.024166666667,27,20.1563870766667
"394","7W2RvqY7qS",609.4,31,19.658064516129,"RyuP7vpxrL","fuSIkHAJnC",500.025833333333,29.25,17.1572678333333,527.74,27.8333333333333,19.0142264766667
"395","bKBTufQnSs",1043.6,57,18.3087719298246,"RyuP7vpxrL","fuSIkHAJnC",538.874166666667,31.9166666666667,16.7448977366667,501.895833333333,34.0833333333333,14.6352800166667
"396","ddC7waPnD4",914,46,19.8695652173913,"RyuP7vpxrL","fuSIkHAJnC",869.491666666667,50.3333333333333,17.2839061866667,612.725833333334,35.6666666666667,17.14673633
"397","KsmxH5DuNj",1011.6,38,26.6210526315789,"RyuP7vpxrL","fuSIkHAJnC",721.278333333334,33.1666666666667,21.9099504266667,657.465,36.9166666666667,17.79228777
"398","UBTqjqPeNN",683.9,22,31.0863636363636,"RyuP7vpxrL","Qbu6oxYtP9",780.308333333333,29.5833333333333,26.3376015533333,696.1425,34.0833333333333,20.4321105533333
"399","Nf7a2By6OV",703.4,31,22.6903225806452,"RyuP7vpxrL","Qbu6oxYtP9",685.101666666667,29.6666666666667,23.0453199,480.346666666667,24.3333333333333,19.6316475366667
"400","KvaIzoTz4e",669.5,24,27.8958333333333,"RyuP7vpxrL","Qbu6oxYtP9",799.341666666667,35.3333333333333,22.5946910866667,732.879166666667,31.75,23.05583029
"401","u4fG5zoR4v",450.3,18,25.0166666666667,"RyuP7vpxrL","Qbu6oxYtP9",511.646666666667,23.6666666666667,21.6775300233333,399.915833333333,21.25,18.8026437933333
"402","tfmyHG5HYZ",602.7,28,21.525,"RyuP7vpxrL","Qbu6oxYtP9",719.548333333334,30,23.68457881,609.795,31.8333333333333,18.9844286866667
"403","cKyW8JDD5A",670.2,33,20.3090909090909,"RyuP7vpxrL","Qbu6oxYtP9",589.416666666667,35.1666666666667,17.0232213433333,573.831666666667,38.0833333333333,15.1324653733333
"404","adwxdVH9tE",409.2,13,31.4769230769231,"RyuP7vpxrL","Qbu6oxYtP9",501.823333333333,18.5,27.1332042,314.396666666667,14.1666666666667,22.4082327466667
"405","V3piNje0A1",549.2,18,30.5111111111111,"RyuP7vpxrL","Qbu6oxYtP9",697.963333333333,34.8333333333333,19.9968166333333,685.123611111111,36.4722222222222,18.6913329933333
"406","aNMtK1wsXf",888.6,42,21.1571428571429,"RyuP7vpxrL","Hpkn8ytvLF",591.809166666667,25.8333333333333,22.9738923366667,533.013333333333,29,18.4021799733333
"407","1zZSRTTu5M",0,0,NA,"RyuP7vpxrL","Hpkn8ytvLF",293.929166666667,27.3333333333333,10.9327774576667,229.095833333333,24.1666666666667,9.53279787133334
"408","LRbmhGUog8",293.2,11,26.6545454545455,"RyuP7vpxrL","Hpkn8ytvLF",541.186666666667,25.25,21.3832255733333,313.518333333333,15.8333333333333,20.2597967533333
"409","ZBXuIzVGbl",834.9,42,19.8785714285714,"RyuP7vpxrL","Hpkn8ytvLF",472.909166666667,26.6666666666667,17.83230408,524.974166666667,31.8333333333333,16.4572760566667
"410","0WB4xPuXOI",616.499999999999,25,24.66,"RyuP7vpxrL","Hpkn8ytvLF",694.573333333333,28.0833333333333,24.80985949,445.6525,23.75,19.03218782
"411","rlZUymN9Li",565.5,14,40.3928571428571,"RyuP7vpxrL","Hpkn8ytvLF",770.405,36.25,21.4046688366667,586.629166666667,34.9166666666667,16.81246753
"412","HU3eBQALEe",664.7,32,20.771875,"RyuP7vpxrL","Hpkn8ytvLF",982.038333333334,55.6666666666667,17.8101853333333,493.153333333333,31.6666666666667,15.6445834133333
"413","8wgXgSoSvs",0,0,NA,"RyuP7vpxrL","Hpkn8ytvLF",777.4875,35.0833333333333,22.2218651133333,630.735,32.3333333333333,19.5975397566667
"414","ESqQeC4HjF",826.2,41,20.1512195121951,"RyuP7vpxrL","aYPWOlVSjP",645.8925,31.75,20.32457927,584.6025,31.3333333333333,18.6559971933333
"415","syNL35az5i",511.3,25,20.452,"RyuP7vpxrL","aYPWOlVSjP",930.829166666667,47.5833333333333,19.4704214566667,544.8175,31.9166666666667,16.9740411
"416","xIti9VLrNJ",761,48,15.8541666666667,"RyuP7vpxrL","aYPWOlVSjP",646.17,34.8333333333333,18.5338427233333,415.026666666667,28.25,14.56783872
"417","jfnpAXkFJL",767.6,40,19.19,"RyuP7vpxrL","aYPWOlVSjP",547.871666666667,32.75,16.9601844366667,490.823333333333,34.25,14.5463078066667
"419","BHlVRPQIA3",1227.5,84,14.6130952380952,"RyuP7vpxrL","aYPWOlVSjP",837.745833333334,59.0833333333333,14.1166108966667,638.635,49.3333333333333,12.9522987933333
"420","qLzDocgY3J",585.4,23,25.4521739130435,"RyuP7vpxrL","aYPWOlVSjP",1027.65333333333,46.25,22.21415947,471.000833333333,27.4166666666667,17.1744639266667
"421","sl9hZSOnqE",810.6,38,21.3315789473684,"RyuP7vpxrL","aYPWOlVSjP",918.6575,46.9166666666667,19.5762712933333,465.449166666667,28.5,16.5567772266667
"422","rj0091ry5X",0,0,NA,"RyuP7vpxrL","7iBAbH6Nzf",34.7608333333334,1.25,18.704642855,27.15,1.97222222222222,12.98546032
"423","fugtALfbhp",86.2,5,17.24,"RyuP7vpxrL","7iBAbH6Nzf",60.2158333333333,4.33333333333333,9.508045112,30.8658333333333,2.41666666666667,14.2531944466667
"424","wmULYOoV78",0,0,NA,"RyuP7vpxrL","7iBAbH6Nzf",75.2516666666668,6.58333333333334,11.70553149,26.5716666666667,3,9.51019841366667
"425","F7BwLR1nmF",0,0,NA,"RyuP7vpxrL","7iBAbH6Nzf",26.9441666666667,1.91666666666667,11.1456078433333,5.41944444444444,0.194444444444444,26.55
"426","GrLCRNSL5K",0,0,NA,"RyuP7vpxrL","7iBAbH6Nzf",96.6858333333333,4.08333333333333,17.99,22.8441666666667,1.88888888888889,11.937
"427","V3bByhPSpj",0,0,NA,"RyuP7vpxrL","7iBAbH6Nzf",46.325,5.16666666666667,12.0124317456667,13.8777777777778,2.11111111111111,6.8975641025
"428","41XPHzg6NT",0,0,NA,"RyuP7vpxrL","7iBAbH6Nzf",164.655,12.4166666666667,12.3889721923333,99.3791666666667,7.33333333333333,12.4949100546667
"429","7xYu5rVuea",0,0,NA,"RyuP7vpxrL","7iBAbH6Nzf",130.758333333333,11.9166666666667,10.0576033766667,85.82,11.4166666666667,7.46331216933333
"430","lhOjzwGE6T",1063.3,38,27.9815789473684,"HeFelx3NgU","52QKSimTco",954.741666666666,31.6666666666667,30.3339051833333,849.688333333334,32.8333333333333,25.7669414966667
"431","X26zi0SGPV",1156.6,49,23.6040816326531,"HeFelx3NgU","52QKSimTco",1111.5025,44.1666666666667,25.22815993,845.731666666667,36.6666666666667,23.22206504
"432","WMjuEB4C5P",1367.2,49,27.9020408163265,"HeFelx3NgU","52QKSimTco",1098.615,32.9166666666667,33.2495818833333,949.185,29.25,32.2834185466667
"433","y2GwPNBRy8",908.7,44,20.6522727272727,"HeFelx3NgU","52QKSimTco",650.498333333334,28.8333333333333,22.8486637266667,351.9475,16.25,21.8520983133333
"434","bk02pbgXvl",1259.9,45,27.9977777777778,"HeFelx3NgU","52QKSimTco",1136.75166666667,35.9166666666667,31.6488146233333,836.090833333333,26.0833333333333,31.9489164066667
"435","9tlGe0pMQu",939.3,43,21.8441860465116,"HeFelx3NgU","52QKSimTco",776.200833333334,32.75,23.6573077666667,633.128333333333,25,25.1828633133333
"436","Vu1sVReqAm",1212.3,42,28.8642857142857,"HeFelx3NgU","52QKSimTco",1315.74916666667,49.25,26.77343562,723.095833333333,30.6666666666667,23.6846211733333
"437","MWKx8Pizmr",1200.4,53,22.6490566037736,"HeFelx3NgU","52QKSimTco",657.009166666667,28.5,22.7642369766667,648.8575,31.5833333333333,20.5820605766667
"438","azfk8Yr2Cx",1456,59,24.6779661016949,"HeFelx3NgU","1MNP3T7ww2",1329.49833333333,45.75,29.0612367333333,667.755,26.5833333333333,24.95733027
"439","XOD1DiMl2h",1334.7,59,22.6220338983051,"HeFelx3NgU","1MNP3T7ww2",893.855555566667,34.36111111,25.9904511433333,723.063333333334,29,24.9871873433333
"440","vcXeiDCATP",136.4,5,27.28,"HeFelx3NgU","1MNP3T7ww2",568.791666666667,26.1666666666667,21.8737174066667,535.236666666667,22.4166666666667,23.8677851066667
"441","XF7UTDRguN",958.5,36,26.625,"HeFelx3NgU","1MNP3T7ww2",1156.45583333333,40.5833333333333,28.60003705,774.577222222222,29.25,26.49583684
"442","npQJNtW4mV",903.4,30,30.1133333333333,"HeFelx3NgU","1MNP3T7ww2",795.8025,28.5833333333333,28.1490306566667,658.495833333334,22.25,29.58172641
"443","xxpmkPqW2a",0,0,NA,"HeFelx3NgU","1MNP3T7ww2",566.2075,21.5,26.5185549233333,656.816666666667,30,21.88274592
"444","tpbIufBG4n",1020.9,42,24.3071428571429,"HeFelx3NgU","1MNP3T7ww2",938.028333333334,30,31.1339685333333,788.27,28.25,27.59430695
"445","w8oVFsYCwd",952.7,37,25.7486486486487,"HeFelx3NgU","1MNP3T7ww2",807.22,37.3333333333333,21.60328197,706.833333333333,30,23.60581347
"446","QwryLmSOtB",904.2,42,21.5285714285714,"HeFelx3NgU","4UvNz6j0f2",622.495,22.1666666666667,28.4193140666667,702.099166666667,29.5833333333333,23.83636356
"448","YW9SXRqKCe",822.1,34,24.1794117647059,"HeFelx3NgU","4UvNz6j0f2",515.629166666667,19.3333333333333,26.24729773,557.236666666667,23.3333333333333,23.7624353266667
"449","01kGJJQgt2",633.4,30,21.1133333333333,"HeFelx3NgU","4UvNz6j0f2",517.04,25.5,20.39061187,448.4275,23.8333333333333,18.8691583966667
"450","aCSvXiUams",839.6,46,18.2521739130435,"HeFelx3NgU","4UvNz6j0f2",638.51,33.25,19.1454604033333,510.726666666667,27.1666666666667,18.8736509833333
"451","8wqPUfGuCS",777.7,28,27.775,"HeFelx3NgU","4UvNz6j0f2",614.021666666666,21.6666666666667,28.3539534966667,756.594444444445,25.7777777777778,29.4841312733333
"452","Iw40QudjNG",692.5,23,30.1086956521739,"HeFelx3NgU","4UvNz6j0f2",824.594166666667,28.0833333333333,30.0220654766667,658.188333333334,23.75,27.6695644333333
"453","Tu1bQgFwTm",854.7,32,26.709375,"HeFelx3NgU","4UvNz6j0f2",678.8475,23.9166666666667,28.34441818,705.396666666667,28.3333333333333,24.9682542066667
"454","ZAbVG4SHUr",569.3,26,21.8961538461538,"HeFelx3NgU","4UvNz6j0f2",656.693333333333,29.9166666666667,22.0363946866667,522.494166666667,27.8333333333333,18.7676266766667
"455","jFwKgLvgBg",559.3,29,19.2862068965517,"HeFelx3NgU","mpcNtDuFer",522.0225,30.8333333333333,17.2136831833333,530.3425,27.75,19.14537488
"456","EsUI2oMrEC",562.2,22,25.5545454545455,"HeFelx3NgU","mpcNtDuFer",518.905,19.5833333333333,26.5357779033333,391.4125,16.4166666666667,24.04772175
"457","FwwVNBesP9",826.9,35,23.6257142857143,"HeFelx3NgU","mpcNtDuFer",708.319166666667,27,26.9991153333333,535.355833333333,22.25,24.2864335066667
"458","tOatvz9pby",682.1,30,22.7366666666667,"HeFelx3NgU","mpcNtDuFer",482.211666666667,19.6666666666667,24.25495285,467.749444444445,19.2777777777778,24.5674779433333
"459","cCKDErwVil",581.2,18,32.2888888888889,"HeFelx3NgU","mpcNtDuFer",708.125833333334,21.5833333333333,33.7067366933333,721.69,25.5833333333333,28.3375322566667
"460","Q6kKXomqzo",126.9,8,15.8625,"HeFelx3NgU","mpcNtDuFer",631.728333333333,24.3333333333333,26.1742681333333,736.823333333333,30.75,23.8816609766667
"461","6dmbSkSnE1",211.6,10,21.16,"HeFelx3NgU","mpcNtDuFer",558.888333333333,20.25,27.5409109766667,456.62,21.6666666666667,21.0967507533333
"462","Uzk3ElUqsS",777.7,31,25.0870967741936,"HeFelx3NgU","mpcNtDuFer",727.4625,27.3333333333333,26.65933772,560.9025,22.5,24.9511238766667
"463","fIFmJfZqBC",633.3,30,21.11,"HeFelx3NgU","fuSIkHAJnC",512.175833333333,21,24.5093476633333,561.4325,23.5,23.97776936
"464","TzcxIvSSpX",372.6,13,28.6615384615385,"HeFelx3NgU","fuSIkHAJnC",759.905,27.6666666666667,27.5412955433333,702.215833333333,27.4166666666667,25.5092123866667
"465","1KOcyPYQQ8",776.9,32,24.278125,"HeFelx3NgU","fuSIkHAJnC",564.330833333333,20.9166666666667,26.9320283266667,510.938333333333,21.5833333333333,23.61314252
"466","zcK6GHZtDS",704.7,29,24.3,"HeFelx3NgU","fuSIkHAJnC",904.970833333333,34.25,26.5199086266667,794.596666666667,37.3333333333333,21.3418211566667
"467","FtrqHi9yY4",347.5,10,34.75,"HeFelx3NgU","fuSIkHAJnC",417.408333333333,15.75,26.3729884266667,493.405,20.5833333333333,23.90057582
"468","wxYKlSLFKx",990.6,34,29.1352941176471,"HeFelx3NgU","fuSIkHAJnC",577.838333333333,25.1666666666667,22.98447203,755.5375,26.1666666666667,29.0377975933333
"469","BMd4nsi4o2",797.4,36,22.15,"HeFelx3NgU","fuSIkHAJnC",368.568333333333,14.4166666666667,26.07371292,455.170833333333,18.8333333333333,24.1090079433333
"470","7X38CoMLs7",119.8,5,23.96,"HeFelx3NgU","fuSIkHAJnC",636.256666666667,26.5,24.0617084066667,475.52,21.6666666666667,22.0890403533333
"471","RPvajhIvL9",646,20,32.3,"HeFelx3NgU","Qbu6oxYtP9",631.374166666667,20.0833333333333,31.1516348833333,474.185,15.25,31.2647000533333
"472","6BeqUiJc93",1012.9,34,29.7911764705882,"HeFelx3NgU","Qbu6oxYtP9",879.878333333334,24.5,35.9968191733333,655.694166666667,21.5833333333333,30.6451550933333
"473","tDXtNFE6DY",662.1,21,31.5285714285714,"HeFelx3NgU","Qbu6oxYtP9",467.079166666667,14.5833333333333,31.9411659433333,294.221666666667,11.1666666666667,26.4399365733333
"474","pX94kB7WR5",1166.2,58,20.1068965517241,"HeFelx3NgU","Qbu6oxYtP9",691.459166666666,25.5,27.1205925066667,494.190833333333,21.5833333333333,23.0748070466667
"475","Im9KgaOpnC",1515.4,54,28.062962962963,"HeFelx3NgU","Qbu6oxYtP9",1110.945,33.6666666666667,33.14310488,637.833333333333,21.3333333333333,30.03069331
"476","VCO8IHpV28",149.1,5,29.82,"HeFelx3NgU","Qbu6oxYtP9",376.309166666667,11,34.2003218733333,191.971666666667,5.75,33.2722960366667
"477","7DadHlgBb2",1159.5,39,29.7307692307692,"HeFelx3NgU","Qbu6oxYtP9",1173.32666666667,40.5,29.0109802533333,757.091666666667,27.3333333333333,27.6768285966667
"478","n1pznwY3w8",947.8,44,21.5409090909091,"HeFelx3NgU","Qbu6oxYtP9",1163.688889,47.5277777766667,24.50627848,619.1625,29.8333333333333,20.8124496866667
"479","x14qUgEopq",388.6,15,25.9066666666667,"HeFelx3NgU","Hpkn8ytvLF",315.605,14.1666666666667,22.00766234,384.495,17.4166666666667,22.0976949033333
"480","T0Iuw7cQf4",475.6,17,27.9764705882353,"HeFelx3NgU","Hpkn8ytvLF",265.919166666666,12.75,20.2653573233333,329.635833333333,13.5,24.2571284366667
"481","l1Fh9fYZox",684.9,34,20.1441176470588,"HeFelx3NgU","Hpkn8ytvLF",578.531666666667,31.9166666666667,18.1562786666667,490.7225,26.1666666666667,18.7199674
"482","PWPHM2svxu",512.4,26,19.7076923076923,"HeFelx3NgU","Hpkn8ytvLF",501.595833333334,22.3333333333333,22.3395653533333,433.7575,19.75,21.8776894966667
"483","l68ijWrekk",643.2,35,18.3771428571429,"HeFelx3NgU","Hpkn8ytvLF",589.535,34.6666666666667,17.0051748966667,509.053333333333,27.25,18.65925904
"484","Gv1hHiQ4fv",966.5,41,23.5731707317073,"HeFelx3NgU","Hpkn8ytvLF",919.829166666667,34,26.66582866,551.265833333333,22.5,24.4548307033333
"485","Kk3FQGiIsm",764.9,39,19.6128205128205,"HeFelx3NgU","Hpkn8ytvLF",759.32,37.8333333333333,19.99471657,497.74,24.5,20.3385973966667
"486","OnSonFHNQn",634.4,25,25.376,"HeFelx3NgU","Hpkn8ytvLF",560.541666666667,23.6666666666667,23.66634651,452.830833333333,18.8611111111111,24.11221015
"487","jXDVvFH8LG",484.6,28,17.3071428571429,"HeFelx3NgU","aYPWOlVSjP",549.234166666667,18,30.21839724,580.069166666667,23.1666666666667,25.19798494
"489","A0yjMGjrny",386.2,15,25.7466666666667,"HeFelx3NgU","aYPWOlVSjP",729.768333333333,29.1666666666667,25.54367101,580.863333333333,25.5,23.15063672
"490","hjtAheu5LQ",411.499999999999,17,24.2058823529411,"HeFelx3NgU","aYPWOlVSjP",526.951666666667,20.9166666666667,25.0474750833333,449.096666666667,20,22.52929439
"491","P5oVufGEim",229.5,7,32.7857142857143,"HeFelx3NgU","aYPWOlVSjP",674.773333333333,25.4166666666667,26.5146555666667,567.66,24.5,22.9451935233333
"492","CS3akOLv3N",1185.5,40,29.6375,"HeFelx3NgU","aYPWOlVSjP",970.5075,34.5833333333333,27.9632577233333,592.895833333333,23.9166666666667,24.8511054633333
"493","Z8pobjwej9",698.5,31,22.5322580645161,"HeFelx3NgU","aYPWOlVSjP",917.220833333334,31.1666666666667,29.4370749066667,568.195833333334,22.9166666666667,24.7145297366667
"494","RkDbSkQeNo",0,0,NA,"HeFelx3NgU","aYPWOlVSjP",633.939166666667,23.4166666666667,27.0144308033333,579.6575,22.25,26.238969
"495","LIoyyaPay9",0,0,NA,"HeFelx3NgU","7iBAbH6Nzf",108.585833333333,12.5833333333333,9.82593073533333,158.273333333333,17.6666666666667,9.04801075333333
"496","6vDlAxg2mW",0,0,NA,"HeFelx3NgU","7iBAbH6Nzf",56.0333333333334,3.75,22.467126984,86.2961111111111,6.11111111111111,13.6669393933333
"497","bXOevY8p4U",0,0,NA,"HeFelx3NgU","7iBAbH6Nzf",97.5650000000001,4.00000000000001,24.24411111,61.5333333333333,9.33333333333334,6.462827834
"498","ycT6vjp81x",254.5,20,12.725,"HeFelx3NgU","7iBAbH6Nzf",143.73,12,12.4132007733333,190.586666666667,19.3333333333333,10.25497963
"499","BCXq2Fmrts",120.5,13,9.26923076923077,"HeFelx3NgU","7iBAbH6Nzf",125.375,11.0833333333333,11.03469672,188.793333333333,28.0833333333333,6.75245421233334
"500","jCz01fgqrx",91.2,34,2.68235294117647,"HeFelx3NgU","7iBAbH6Nzf",26.1125,1.25,23.4875,37.6166666666667,8,6.53366649166667
"501","CQhZbSlTYy",0,0,NA,"HeFelx3NgU","7iBAbH6Nzf",38.7150000000001,1.58333333333334,29.0584444433333,38.7291666666667,2.5,11.0293333333333
"502","kGwfI6YXlN",185.5,19,9.76315789473684,"HeFelx3NgU","7iBAbH6Nzf",384.669166666667,35.5833333333333,10.841069453,258.176666666667,32,8.04817414333333
"503","oAQxntRj78",626.5,27,23.2037037037037,"XdlsONmup3","aYPWOlVSjP",622.839166666667,23.25,26.8877801966667,465.736666666667,18.6666666666667,25.03912818
"504","TyCGp3hIXC",180.9,5,36.18,"XdlsONmup3","aYPWOlVSjP",388.211666666667,17.75,22.01115467,298.433333333333,14.1666666666667,21.12661039
"505","VSE6BkJbCg",943,38,24.8157894736842,"XdlsONmup3","aYPWOlVSjP",1004.22166666667,35.9166666666667,27.9356081366667,511.815833333333,22.25,22.9313164133333
"506","yudUlFoCzO",825.2,26,31.7384615384615,"XdlsONmup3","aYPWOlVSjP",948.0475,36.4166666666667,26.3536916866667,571.7375,25.0833333333333,22.6308304833333
"507","1fQpz0BFVs",504.4,32,15.7625,"XdlsONmup3","aYPWOlVSjP",394.701666666667,18.8333333333333,20.9911986966667,357.129166666667,19,18.9263105433333
"510","w7S515bqar",478.8,24,19.95,"XdlsONmup3","aYPWOlVSjP",770.270833333333,34.25,22.3742033633333,543.855,25.6666666666667,21.09970546
"511","eoVoTtOb9b",1031.6,47,21.9489361702128,"nhkMrLXC63","aYPWOlVSjP",795.108611233334,29.75,26.61610151,826.075833333333,36,22.9903060433333
"512","kzCyJKiwao",650.2,25,26.008,"nhkMrLXC63","aYPWOlVSjP",910.73,27.3333333333333,33.2697940566667,780.818333333333,25.6666666666667,30.5161632733333
"513","74jGxHyqVW",1027.9,35,29.3685714285714,"nhkMrLXC63","aYPWOlVSjP",1078.7275,30.0833333333333,36.2021913733333,669.18,22.3333333333333,29.7671333933333
"514","dYqi240xPM",522.2,19,27.4842105263158,"nhkMrLXC63","aYPWOlVSjP",961.648333333333,31.4166666666667,30.7511059533333,593.3375,21.25,27.6301803666667
"515","U40UXOP3Fj",446.3,16,27.89375,"nhkMrLXC63","aYPWOlVSjP",663.100555566667,26.9444444433333,24.8163354733333,420.575,19.4166666666667,21.6500180566667
"516","wSWOfxQxiP",797.2,33,24.1575757575758,"nhkMrLXC63","aYPWOlVSjP",732.856666666667,29.3333333333333,24.9921872533333,496.779166666667,20.5,24.5549848666667
"517","QD1l3bvVG3",0,0,NA,"nhkMrLXC63","aYPWOlVSjP",748.831666666666,23.6666666666667,31.60534953,336.253333333333,13.9166666666667,23.9867362766667
"518","YXib94LV3S",1098.2,39,28.1589743589744,"nhkMrLXC63","aYPWOlVSjP",817.419166666667,27.6666666666667,29.6016253966667,617.599166666667,22.0833333333333,27.9070032433333
"519","KFZKoEV2Ar",384.7,9,42.7444444444444,"XbetYsRqu5","aYPWOlVSjP",555.7125,18.8333333333333,29.3712643066667,456.818333333333,17.0833333333333,26.7614979666667
"520","awjw0j15h0",696.8,29,24.0275862068966,"XbetYsRqu5","aYPWOlVSjP",739.199166666667,29.25,25.2514308233333,567.183333333333,24,23.55826692
"521","GrlkfbTmb4",545.5,22,24.7954545454545,"XbetYsRqu5","aYPWOlVSjP",762.735,26.8333333333333,28.39385116,640.7875,21.0833333333333,30.5034307966667
"522","QUBTaSTw4e",990.2,44,22.5045454545455,"XbetYsRqu5","aYPWOlVSjP",843.734166666667,36.9166666666667,23.0115090533333,746.539166666667,34.1666666666667,22.0501591066667
"523","15UAFhNxlE",1284.1,59,21.764406779661,"XbetYsRqu5","aYPWOlVSjP",915.500833333334,33.3333333333333,27.4405537466667,624.929166666667,23.1666666666667,27.23047771
"524","oadvJuE8k5",974.3,53,18.3830188679245,"XbetYsRqu5","aYPWOlVSjP",1075.58055566667,43.8333333333333,24.7108857666667,615.120833333334,25.5,24.14878437
"525","qbclpZJsPb",812.7,28,29.025,"XbetYsRqu5","aYPWOlVSjP",998.926389,30.8333333333333,32.42815488,599.455,19.25,31.12575998
"526","Xu4EDsvHqw",764.2,28,27.2928571428571,"XbetYsRqu5","aYPWOlVSjP",629.420833333333,24.0833333333333,26.156108,672.555,31.1666666666667,21.6885967066667
"527","2b4GaQiDSA",130.4,3,43.4666666666667,"kscHcK0F7B","aYPWOlVSjP",709.246666666667,24.6666666666667,30.2113119066667,536.265833333333,22.25,24.1411296166667
"528","JVVjRYQVWa",664.6,20,33.23,"kscHcK0F7B","aYPWOlVSjP",547.480833333334,17.8333333333333,30.9293152033333,375.97,13.6666666666667,27.2021388766667
"529","9GYvriiVsC",651.7,19,34.3,"kscHcK0F7B","aYPWOlVSjP",653.346666666667,23.0833333333333,28.4607220366667,811.54,31.25,25.840004145
"530","6g8WMSdkMu",833.2,35,23.8057142857143,"kscHcK0F7B","aYPWOlVSjP",703.228333333333,24.6666666666667,28.6709067933333,539.3925,22.75,23.81339561
"531","o0R5NZ64Jr",917.3,43,21.3325581395349,"kscHcK0F7B","aYPWOlVSjP",1172.52333333333,40,29.5445000866667,546.6275,19.8333333333333,27.83662604
"532","U3xpY9KBb0",725.5,21,34.5476190476191,"kscHcK0F7B","aYPWOlVSjP",719.7025,19.8333333333333,36.2409680166667,496.855833333333,16.25,30.5801568866667
"533","wyS8Fdtiwn",341.3,13,26.2538461538462,"kscHcK0F7B","aYPWOlVSjP",302.781666666667,19.1666666666667,15.4220775333333,297.733333333333,18,16.92374459
"534","DNwlegV6vp",542.8,20,27.14,"kscHcK0F7B","aYPWOlVSjP",646.31,28.1666666666667,23.4590931033333,249.1975,18.25,13.65465753
"535","fHZsE5T4HI",150.6,6,25.1,"guQFdxX96T","aYPWOlVSjP",847.194166666666,32.4166666666667,26.0714972666667,694.4025,35.5,19.5606338
"536","D9R15NxzzT",0,0,NA,"guQFdxX96T","aYPWOlVSjP",649.179166666667,30.0833333333333,21.67805668,NA,NA,NA
"537","MlFUDvDrna",529.4,19,27.8631578947368,"guQFdxX96T","aYPWOlVSjP",443.06,18.9166666666667,23.37173442,381.196666666667,17.9166666666667,21.40874891
"538","4rq8aAw8zQ",1111.1,76,14.6197368421053,"guQFdxX96T","aYPWOlVSjP",802.040833333333,37.3333333333333,21.5887545433333,637.4525,38.9166666666667,16.5622838033333
"539","q5yPpcS6BB",511.5,26,19.6730769230769,"guQFdxX96T","aYPWOlVSjP",689.35,27.5833333333333,24.9980002933333,493.690833333333,23.5,20.97872226
"540","igfsaBI3k9",776.3,31,25.041935483871,"guQFdxX96T","aYPWOlVSjP",568.099166666667,22.9166666666667,24.74238939,443.995833333333,23.3333333333333,18.74881976
"541","UefyKdjvLS",672,37,18.1621621621622,"guQFdxX96T","aYPWOlVSjP",467.443333333333,29.1666666666667,16.1511892266667,338.408333333333,23.25,14.6576756366667
"543","yWRAckozE4",1090.4,44,24.7818181818182,"xeK6YEDjkH","xCm1PhY2LD",685.3725,24.6666666666667,27.8928853066667,NA,NA,NA
"544","ThURmivO0T",293.8,10,29.38,"xeK6YEDjkH","xCm1PhY2LD",469.8675,16.5833333333333,28.45726746,327.094166666667,14.0833333333333,22.56273413
"545","l4gPw9Ow4M",1062.4,48,22.1333333333333,"xeK6YEDjkH","xCm1PhY2LD",764.020833333333,28.25,27.1107370466667,498.779166666667,21.25,22.5936932133333
"546","ywXiwMR0RM",1326.9,60,22.115,"xeK6YEDjkH","xCm1PhY2LD",996.0325,29.6666666666667,33.6204060833333,695.203333333334,24.25,28.48883027
"547","HIivS0lMBh",917.9,28,32.7821428571429,"xeK6YEDjkH","Uncez1AQDm",856.338333333333,29.4166666666667,29.44699822,637.545833333333,24.5833333333333,25.55675665
"548","dpheDpvBpb",638.4,21,30.4,"xeK6YEDjkH","Uncez1AQDm",718.318333333333,24.1666666666667,29.94436199,394.128333333333,12.8333333333333,30.9686224733333
"549","sPHwrFwMwO",0,0,NA,"xeK6YEDjkH","Uncez1AQDm",31.9025000000001,2.58333333333334,19.438174602,41.4294444444444,2.58333333333333,16.0889899
"550","1EfcfB4FTt",774.3,27,28.6777777777778,"xeK6YEDjkH","Uncez1AQDm",682.790833333333,26.75,25.56598886,480.996666666667,19.6666666666667,24.5867879066667
"551","xq8W6Py2Kk",263.1,8,32.8875,"xeK6YEDjkH","Uncez1AQDm",549.091666666667,18.6666666666667,29.51601466,513.065833333333,20.0833333333333,25.47742195
"552","79K98BSBzA",558.4,17,32.8470588235294,"xeK6YEDjkH","Uncez1AQDm",683.751666666667,22.4166666666667,30.5752042533333,436.743333333333,19.1666666666667,22.92597768
"553","Bb5H4V3hs8",54.5,1,54.5,"xeK6YEDjkH","Uncez1AQDm",399.4275,15.25,26.1471520833333,234.876666666667,10.0555555555556,22.7674617866667
"554","eNYOV62F0X",1093.2,43,25.4232558139535,"xeK6YEDjkH","Uncez1AQDm",686.121666666667,22.6666666666667,30.37398056,601.716666666667,22.8333333333333,26.2599524533333
"555","Oqozc0KAB4",1085,39,27.8205128205128,"xeK6YEDjkH","16nQ09VJKT",872.875,28.0833333333333,30.94757151,668.613333333334,24.5833333333333,27.3658818633333
"556","KJYxHmiWg5",821.8,25,32.872,"xeK6YEDjkH","16nQ09VJKT",769.099166666667,24.6666666666667,31.92767109,530.41,17.75,29.8990778466667
"557","jcJYwLVqu2",532.2,16,33.2625,"xeK6YEDjkH","16nQ09VJKT",609.453333333333,20.6666666666667,29.64283678,320.474722222222,11.6388888888889,27.1908953333333
"558","jT1C0ca7Qn",298.4,11,27.1272727272727,"xeK6YEDjkH","16nQ09VJKT",531.8275,23.1666666666667,23.0227110033333,413.0475,20.25,20.40284596
"559","yXC2HnoUqj",590.5,22,26.8409090909091,"xeK6YEDjkH","BnZvV7PHca",615.885833333333,20.9166666666667,29.1839319666667,326.279166666667,13.25,24.24890705
"560","tSsYOVog8U",682.4,22,31.0181818181818,"xeK6YEDjkH","BnZvV7PHca",990.486666666667,29.0277777766667,33.9877054333333,536.098333333333,17.0833333333333,31.19127196
"561","DxuiPmesQN",1093.6,42,26.0380952380952,"xeK6YEDjkH","BnZvV7PHca",996.606666666666,30.0833333333333,33.16036158,626.9075,19.5833333333333,31.9458965866667
"562","yAwHFpMm0M",840.7,28,30.025,"xeK6YEDjkH","BnZvV7PHca",712.658333333333,22.8333333333333,31.2501832633333,570.103333333333,22,25.91659976
"563","bmob9Ao3tP",726.3,25,29.052,"xeK6YEDjkH","VBy7x7EQSV",764.7875,25.9166666666667,29.4962015166667,457.795833333333,21.25,21.4657162
"564","cxg83Kfadf",684.5,21,32.5952380952381,"xeK6YEDjkH","VBy7x7EQSV",623.618333333333,23.5833333333333,26.4729142833333,379.4425,15.8333333333333,23.9644054766667
"565","j97TbF8yaH",391.2,11,35.5636363636364,"xeK6YEDjkH","VBy7x7EQSV",703.805833333334,20,35.35220576,366.596666666667,14.5,24.7829030933333
"566","xBfrqc4Yoe",886.9,26,34.1115384615385,"xeK6YEDjkH","VBy7x7EQSV",763.275833333334,24.4166666666667,31.2686790233333,260.415,8.41666666666667,30.6734863633333
"567","pRzP5CGDpA",238.4,7,34.0571428571429,"xeK6YEDjkH","VBy7x7EQSV",349.214166666667,12.8333333333333,27.4849825266667,289.736666666667,12.8333333333333,23.00402608
"568","JSAeQlFwEH",710,22,32.2727272727273,"xeK6YEDjkH","VBy7x7EQSV",606.705833333333,21.5833333333333,28.1675405,543.971666666667,22.25,24.4494770633333
"569","DsWO90RgLW",421.4,22,19.1545454545455,"xeK6YEDjkH","VBy7x7EQSV",396.816666666667,16.4166666666667,24.2072435266667,294.330833333333,13.6666666666667,21.1800237666667
"570","I4uVJwoQix",279.2,12,23.2666666666667,"xeK6YEDjkH","VBy7x7EQSV",322.991666666667,13.5,24.00569998,202.383333333333,9,22.30456725
"571","pzu95zYCEI",1258.6,35,35.96,"xeK6YEDjkH","9ZunDfI19H",1181.22666666667,33.8333333333333,35.5383122866667,962.584166666667,27.8333333333333,34.6880844333333
"572","UX1OUdqOQ1",945.9,28,33.7821428571429,"xeK6YEDjkH","9ZunDfI19H",631.360833333333,18.5,34.6989733966667,497.8025,19.0833333333333,26.1375358233333
"573","iZO9OMRZGI",650.6,24,27.1083333333333,"xeK6YEDjkH","9ZunDfI19H",448.235,33.0833333333334,21.2219953053333,552.744166666667,18.25,30.2866406866667
"574","cN8cPZfomi",0,0,NA,"xeK6YEDjkH","9ZunDfI19H",482.768333333333,17.9166666666667,26.8296093333334,366.755,13.9166666666667,26.39199581
"575","yO2WjjIGJv",817.5,25,32.7,"xeK6YEDjkH","9ZunDfI19H",534.140833333333,21.6666666666667,24.5905649866667,316.448333333333,15.5833333333333,20.4442726366667
"576","EozCfrr10p",1026.3,36,28.5083333333333,"xeK6YEDjkH","9ZunDfI19H",951.595,33.8333333333333,28.13535434,870.755,32.5833333333333,26.75532497
"577","xGRtAFRWpm",1042,35,29.7714285714286,"xeK6YEDjkH","9ZunDfI19H",585.3425,30.75,19.1922086733333,578.169166666667,25.4166666666667,22.7119664466667
"578","nzLj881Weo",903.3,36,25.0916666666667,"xeK6YEDjkH","9ZunDfI19H",763.904166666667,29.6666666666667,25.8181447666667,602.8225,25.4166666666667,23.5241528233333
"579","QFMMPFKVjp",473.8,11,43.0727272727273,"xeK6YEDjkH","Q7GsKHG65j",601.3375,16.9166666666667,35.3322944833333,490.41,15.4444444444444,31.9169239333333
"580","hCn6LoHCk3",521.5,12,43.4583333333333,"xeK6YEDjkH","Q7GsKHG65j",688.52,18.0833333333333,38.4399692033333,649.51,19.8333333333333,32.89726763
"581","g5re6H7p5B",1197.3,38,31.5078947368421,"xeK6YEDjkH","Q7GsKHG65j",634.239166666667,19.0833333333333,33.4139549333333,614.114166666667,20,31.5635775833333
"582","Kk4NCnWUbf",336.3,8,42.0375,"xeK6YEDjkH","Q7GsKHG65j",885.753333333333,29.0833333333333,30.5390231833333,748.4375,27,27.17996739
"583","uKtOKk2BL5",186.5,5,37.3,"xeK6YEDjkH","Q7GsKHG65j",345.260833333333,11.8333333333333,29.0819475566667,252.901666666667,9.25,27.5540101433333
"584","qCRZx4qmX1",739.1,22,33.5954545454546,"xeK6YEDjkH","Q7GsKHG65j",740.728333333333,28.6666666666667,25.8606782233333,640.2725,26.3888888888889,24.44300301
"585","OhVFTpgSCD",432.1,12,36.0083333333333,"xeK6YEDjkH","Q7GsKHG65j",645.894166666666,20,32.31462874,801.720833333333,26.75,29.9091972333333
"586","6mAf6Rp9N5",626.5,22,28.4772727272727,"xeK6YEDjkH","Q7GsKHG65j",941.908333333333,45.4166666666666,20.7177008566667,714.431666666667,32.25,21.9854358233333
"587","HeFelx3NgU",NA,NA,NA,NA,NA,586.474166666666,26.1666666666667,22.38636222,688.96,32.3333333333333,21.2867863033333
"588","7iBAbH6Nzf",NA,NA,NA,NA,NA,16.7791666666668,1.25000000000001,13.0241666666667,36.705,2.11111111111111,14.5463756633333
"589","RyuP7vpxrL",NA,NA,NA,NA,NA,467.230833333333,32.5833333333333,14.3986067066667,454.703333333333,40.1666666666667,11.36571042
